AAPLu;29/12/22;127,99;130,48;127,73;129,61;75624704
ABNBu;29/12/22;82,97;85,56;82,29;85,23;4030291
ADBEu;29/12/22;330,75;339,50;329,76;337,58;1792000
ADIu;29/12/22;162,58;164,78;161,50;163,98;2148900
ADPu;29/12/22;238,18;241,83;238,18;240,62;975200
ADSKu;29/12/22;183,47;189,28;182,85;188,12;988600
AEPu;29/12/22;95,93;96,66;95,67;96,01;1415900
AMATu;29/12/22;96,05;97,64;95,13;97,14;5071960
AMDu;29/12/22;63,635;65,18;63,06;64,82;41416156
AMGNu;29/12/22;262,47;264,88;262,14;263,16;1446400
AMZNu;29/12/22;82,87;84,55;82,55;84,18;54915700
ANSSu;29/12/22;236,34;244,28;235,56;243,56;329200
ASMLu;29/12/22;541,20;555,37;540,15;551,47;840700
AVGOu;29/12/22;551,85;562,60;550,50;557,81;1817600
BIIBu;29/12/22;274,83;279,14;274,30;276,00;594000
BKNGu;29/12/22;1984,80;2013,07;1974,58;2003,51;206694
BKRu;29/12/22;28,52;29,44;28,48;29,18;3477332
CDNSu;29/12/22;159,59;163,18;159,40;161,93;731433
CDWu;29/12/22;176,73;180,66;176,11;179,86;387528
CHTRu;29/12/22;336,58;342,11;333,80;338,94;1289700
CMCSAu;29/12/22;34,81;35,35;34,70;35,05;12575400
COSTu;29/12/22;455,63;459,00;453,46;456,53;1463800
CPRTu;29/12/22;60,55;61,57;60,48;61,23;1335900
CSCOu;29/12/22;47,26;47,74;47,26;47,50;11395900
CSXu;29/12/22;31,06;31,36;30,98;31,24;5542900
CTASu;29/12/22;113,5625;114,835;113,375;114,2375;1010000
CTSHu;29/12/22;56,21;57,36;56,06;57,13;7796593
DLTRu;29/12/22;142,18;143,95;141,74;142,99;856100
DXCMu;29/12/22;110,92;113,36;109,72;112,07;1286000
EAu;29/12/22;120,12;122,90;119,42;122,19;1222800
EXCu;29/12/22;43,17;43,46;43,04;43,13;3076724
FANGu;29/12/22;132,97;137,18;132,51;136,28;1405543
FASTu;29/12/22;47,25;47,81;47,08;47,56;2582300
FTNTu;29/12/22;48,10;49,37;48,00;49,21;2667800
GILDu;29/12/22;84,91;85,57;84,61;85,26;3464100
GOOGu;29/12/22;87,03;89,365;86,99;88,95;18280660
GOOGLu;29/12/22;86,62;88,845;86,61;88,45;23333536
HONu;29/12/22;213,09;215,25;212,77;214,75;1879900
IDXXu;29/12/22;403,17;412,91;402,68;410,38;397900
ILMNu;29/12/22;193,12;205,32;191,02;201,64;1229100
INTCu;29/12/22;25,77;26,29;25,75;26,21;30903100
INTUu;29/12/22;380,38;391,98;377,56;390,87;1004600
ISRGu;29/12/22;263,24;269,83;261,85;267,79;814800
KHCu;29/12/22;40,39;40,79;40,32;40,68;3909100
KLACu;29/12/22;373,14;381,255;373,07;379,86;786853
LINu;29/12/22;329,38;330,90;328,41;329,75;872349
LRCXu;29/12/22;40,971;42,257;40,81;42,061;12309710
LULUu;29/12/22;310,21;318,31;310,04;316,82;935700
MARu;29/12/22;146,92;148,80;146,26;147,97;1431900
MCHPu;29/12/22;68,79;70,77;68,72;70,45;3825200
MDBu;29/12/22;190,45;203,63;188,58;198,85;1242801
MDLZu;29/12/22;66,54;67,13;66,50;66,97;3277700
MELIu;29/12/22;849,47;874,08;838,05;866,28;443900
METAu;29/12/22;116,40;121,03;115,77;120,26;22366192
MNSTu;29/12/22;101,62;102,71;101,48;102,02;1030867
MRNAu;29/12/22;178,19;182,50;175,40;178,86;3744700
MRVLu;29/12/22;36,09;37,23;35,80;36,76;7723200
MSFTu;29/12/22;235,65;241,92;235,65;241,01;19758600
MUu;29/12/22;49,40;50,925;49,34;50,65;13204261
NFLXu;29/12/22;283,18;295,4999;281,01;291,12;9588527
NVDAu;29/12/22;14,402;14,683;14,227;14,603;354289080
NXPIu;29/12/22;154,84;159,70;153,49;158,12;2016600
ODFLu;29/12/22;285,35;290,60;284,28;286,58;431600
ONu;29/12/22;61,85;63,05;61,09;62,71;5253300
ORLYu;29/12/22;847,45;849,40;841,30;843,66;265712
PANWu;29/12/22;138,41;141,59;138,105;140,20;3634242
PAYXu;29/12/22;114,85;117,07;114,54;116,46;1372400
PCARu;29/12/22;99,86;99,99;98,35;98,59;1374400
PEPu;29/12/22;181,92;182,86;181,89;181,98;2549240
PYPLu;29/12/22;68,39;70,74;68,22;70,56;13132629
QCOMu;29/12/22;108,35;110,66;108,11;109,84;6666400
REGNu;29/12/22;717,00;728,09;710,36;721,29;415311
ROPu;29/12/22;428,86;437,82;427,97;436,87;227500
ROSTu;29/12/22;115,28;116,49;115,05;115,86;1593700
SBUXu;29/12/22;99,00;100,65;98,67;99,77;3974700
SIRIu;29/12/22;5,79;5,86;5,78;5,82;11556838
SNPSu;29/12/22;319,16;324,79;318,72;321,98;416200
TMUSu;29/12/22;139,72;140,48;139,115;139,40;2617306
TSLAu;29/12/22;120,385;123,57;117,495;121,82;221923312
TTWOu;29/12/22;100,19;102,78;100,05;101,34;1526400
TXNu;29/12/22;163,26;166,04;162,8201;165,02;3852519
VRSKu;29/12/22;174,61;179,07;174,61;178,06;506900
VRTXu;29/12/22;287,22;291,73;285,80;289,08;894812
WBAu;29/12/22;37,66;37,97;37,36;37,47;5250600
WDAYu;29/12/22;163,98;168,77;163,26;167,79;2339800
XELu;29/12/22;70,89;71,51;70,87;71,07;1398000
ZSu;29/12/22;109,35;112,80;108,00;111,87;1772756
GEHCu;29/12/22;58,50;58,78;57,75;58,00;374807
CSGPu;29/12/22;76,70;78,05;76,50;77,67;1169900
AZNu;29/12/22;68,16;68,475;68,03;68,10;2578973
TEAMu;29/12/22;125,18;130,23;124,10;129,68;1653877
KDPu;29/12/22;35,86;35,98;35,74;35,83;4215714
PDDu;29/12/22;81,53;83,24;80,43;82,41;6619400
CRWDu;29/12/22;101,43;105,51;100,47;104,57;3142800
DDOGu;29/12/22;70,48;74,18;70,03;73,94;3279400
GFSu;29/12/22;52,94;54,17;52,55;53,81;1191500
CEGu;29/12/22;87,16;87,6899;86,28;86,77;870779
WBDu;29/12/22;9,01;9,57;8,94;9,43;29740700
DASHu;29/12/22;47,25;49,75;46,32;49,58;4235700
AAPLu;30/12/22;128,41;129,95;127,43;129,93;76960600
ABNBu;30/12/22;83,61;86,06;83,6001;85,50;3339869
ADBEu;30/12/22;333,00;336,64;331,64;336,53;1740300
ADIu;30/12/22;162,36;164,16;160,76;164,03;1619400
ADPu;30/12/22;239,70;240,20;236,05;238,86;966815
ADSKu;30/12/22;184,78;186,94;183,07;186,87;1057500
AEPu;30/12/22;95,90;96,08;94,07;94,95;1404100
AMATu;30/12/22;95,60;97,48;95,03;97,38;3407047
AMDu;30/12/22;63,77;64,82;63,1437;64,77;37049888
AMGNu;30/12/22;262,73;263,23;259,51;262,64;1621300
AMZNu;30/12/22;83,12;84,05;82,47;84,00;62330000
ANSSu;30/12/22;239,71;241,79;238,28;241,59;306538
ASMLu;30/12/22;540,86;546,48;536,77;546,40;701900
AVGOu;30/12/22;551,82;559,65;548,01;559,13;1437600
BIIBu;30/12/22;274,975;277,15;272,49;276,92;640551
BKNGu;30/12/22;1979,29;2017,60;1979,29;2015,28;196682
BKRu;30/12/22;28,90;29,56;28,85;29,53;3651003
CDNSu;30/12/22;159,92;160,75;158,41;160,64;700236
CDWu;30/12/22;178,55;178,70;176,48;178,58;337800
CHTRu;30/12/22;336,30;339,87;334,98;339,10;1201500
CMCSAu;30/12/22;34,81;34,98;34,53;34,97;15385300
COSTu;30/12/22;454,65;456,70;450,75;456,50;1801500
CPRTu;30/12/22;60,79;61,20;60,24;60,89;1743948
CSCOu;30/12/22;47,27;47,67;46,95;47,64;13198500
CSXu;30/12/22;31,02;31,11;30,725;30,98;7328771
CTASu;30/12/22;113,3675;113,8575;111,47;112,905;1249600
CTSHu;30/12/22;56,63;57,22;56,32;57,19;5540619
DLTRu;30/12/22;142,56;142,975;140,36;141,44;1015730
DXCMu;30/12/22;110,93;113,33;109,46;113,24;1340600
EAu;30/12/22;121,78;122,33;120,79;122,18;1164400
EXCu;30/12/22;43,14;43,31;42,85;43,23;6185267
FANGu;30/12/22;135,56;137,26;135,00;136,78;1486100
FASTu;30/12/22;47,30;47,47;46,85;47,32;2148300
FTNTu;30/12/22;48,55;48,92;48,15;48,89;2338600
GILDu;30/12/22;85,33;85,89;84,78;85,85;3830000
GOOGu;30/12/22;87,365;88,83;87,03;88,73;19184392
GOOGLu;30/12/22;86,98;88,30;86,57;88,23;23980312
HONu;30/12/22;213,98;214,50;211,93;214,30;1597700
IDXXu;30/12/22;405,82;408,12;401,67;407,96;297100
ILMNu;30/12/22;199,29;202,40;197,59;202,20;1001300
INTCu;30/12/22;25,90;26,46;25,80;26,43;30997900
INTUu;30/12/22;386,01;389,44;382,68;389,22;948900
ISRGu;30/12/22;265,31;265,47;261,43;265,35;871344
KHCu;30/12/22;40,57;40,87;40,41;40,71;4344700
KLACu;30/12/22;374,55;377,505;370,67;377,03;669303
LINu;30/12/22;326,16;326,95;323,21;326,18;1238035
LRCXu;30/12/22;41,258;42,059;41,084;42,03;7321210
LULUu;30/12/22;311,86;320,47;311,30;320,38;1345300
MARu;30/12/22;147,01;149,05;146,42;148,89;1541900
MCHPu;30/12/22;69,33;70,33;68,84;70,25;2438210
MDBu;30/12/22;194,16;198,49;191,75;196,84;1033499
MDLZu;30/12/22;66,89;66,99;66,11;66,65;4335300
MELIu;30/12/22;846,81;851,0578;830,92;846,24;365606
METAu;30/12/22;118,16;120,42;117,74;120,34;19583824
MNSTu;30/12/22;101,82;101,82;100,69;101,53;1144283
MRNAu;30/12/22;176,22;179,69;172,31;179,62;3428800
MRVLu;30/12/22;35,88;37,10;35,58;37,04;8106100
MSFTu;30/12/22;238,21;239,96;236,66;239,82;21930800
MUu;30/12/22;49,45;50,02;49,13;49,98;11987400
NFLXu;30/12/22;285,53;295,01;283,22;294,88;7557400
NVDAu;30/12/22;14,334;14,629;14,233;14,614;309391900
NXPIu;30/12/22;155,53;158,18;154,07;158,03;1021000
ODFLu;30/12/22;283,03;286,58;280,18;283,78;514200
ONu;30/12/22;61,53;62,44;60,87;62,37;2650100
ORLYu;30/12/22;840,52;844,31;839,47;844,03;283400
PANWu;30/12/22;138,50;139,79;137,29;139,54;3361515
PAYXu;30/12/22;115,82;116,11;113,97;115,56;1060900
PCARu;30/12/22;97,99;99,32;97,60;98,97;1262308
PEPu;30/12/22;181,38;181,96;179,29;180,66;3136222
PYPLu;30/12/22;69,48;71,26;69,06;71,22;10175658
QCOMu;30/12/22;107,97;110,06;107,22;109,94;5640700
REGNu;30/12/22;721,16;722,16;710,245;721,49;364172
ROPu;30/12/22;434,41;436,475;428,305;432,09;271567
ROSTu;30/12/22;114,94;116,09;114,53;116,07;1547900
SBUXu;30/12/22;99,19;99,25;98,24;99,20;3987800
SIRIu;30/12/22;5,80;5,84;5,76;5,84;9834923
SNPSu;30/12/22;317,84;319,33;315,42;319,29;541000
TMUSu;30/12/22;138,98;140,10;138,28;140,00;2553252
TSLAu;30/12/22;119,95;124,48;119,75;123,18;157777344
TTWOu;30/12/22;100,17;104,415;99,97;104,13;1749700
TXNu;30/12/22;163,69;165,39;162,22;165,22;3248641
VRSKu;30/12/22;176,63;177,80;174,07;176,42;617300
VRTXu;30/12/22;288,67;289,32;284,40;288,78;1030700
WBAu;30/12/22;37,24;37,38;36,97;37,36;5404200
WDAYu;30/12/22;164,28;167,40;164,27;167,33;1128200
XELu;30/12/22;70,90;71,07;69,51;70,11;1595700
ZSu;30/12/22;109,83;112,162;109,40;111,90;1556389
GEHCu;30/12/22;58,74;59,00;57,73;58,38;351100
CSGPu;30/12/22;76,90;77,51;76,27;77,28;1257300
AZNu;30/12/22;67,79;68,05;67,125;67,80;3605449
TEAMu;30/12/22;127,15;129,67;126,23;128,68;1419935
KDPu;30/12/22;35,83;35,83;35,38;35,66;4779794
PDDu;30/12/22;80,14;82,60;80,02;81,55;5051300
CRWDu;30/12/22;103,50;106,187;102,99;105,29;3140600
DDOGu;30/12/22;72,21;73,82;72,175;73,50;2185200
GFSu;30/12/22;53,03;54,005;52,45;53,89;1244200
CEGu;30/12/22;86,60;86,60;85,12;86,21;1343347
WBDu;30/12/22;9,21;9,50;9,18;9,48;22700400
DASHu;30/12/22;48,19;49,27;47,97;48,82;3183300
AAPLu;03/01/23;130,28;130,90;124,17;125,07;111975504
ABNBu;03/01/23;87,385;88,11;84,30;84,90;3737501
ADBEu;03/01/23;340,16;345,82;331,92;336,92;2228300
ADIu;03/01/23;165,57;166,20;161,44;162,45;4475744
ADPu;03/01/23;240,79;241,51;235,275;237,66;1506441
ADSKu;03/01/23;190,62;192,9635;183,00;185,15;1155433
AEPu;03/01/23;94,90;95,28;93,39;94,87;1869622
AMATu;03/01/23;99,77;100,02;96,12;96,73;5921671
AMDu;03/01/23;65,998;66,88;63,59;64,02;46835872
AMGNu;03/01/23;260,87;262,60;258,865;261,65;2594803
AMZNu;03/01/23;85,46;86,96;84,205;85,82;76029024
ANSSu;03/01/23;245,27;248,13;235,70;238,64;485064
ASMLu;03/01/23;561,28;564,15;545,77;549,57;675059
AVGOu;03/01/23;565,00;567,57;550,79;553,48;2017000
BIIBu;03/01/23;276,73;277,97;272,43;272,63;963782
BKNGu;03/01/23;2038,83;2049,00;2005,57;2032,21;266999
BKRu;03/01/23;29,34;30,04;28,55;28,75;6551048
CDNSu;03/01/23;162,83;163,99;157,495;159,64;865869
CDWu;03/01/23;179,40;181,02;178,04;179,51;515300
CHTRu;03/01/23;342,06;345,53;337,18;341,58;1524100
CMCSAu;03/01/23;34,94;35,59;34,74;35,57;23169700
COSTu;03/01/23;458,00;458,80;447,90;453,28;1978075
CPRTu;03/01/23;61,41;62,075;60,765;61,46;1787807
CSCOu;03/01/23;47,86;48,05;47,31;47,94;17711200
CSXu;03/01/23;31,08;31,165;30,55;30,88;8329505
CTASu;03/01/23;113,4825;113,7275;111,4975;112,2475;1226400
CTSHu;03/01/23;57,64;58,10;57,06;57,59;2635843
DLTRu;03/01/23;141,62;143,06;139,76;140,26;2136303
DXCMu;03/01/23;114,30;116,16;112,61;114,73;2061824
EAu;03/01/23;123,59;124,70;122,32;122,80;1677800
EXCu;03/01/23;43,25;43,35;42,43;43,16;5008356
FANGu;03/01/23;134,97;136,32;129,61;131,38;2406400
FASTu;03/01/23;47,62;47,69;46,86;47,40;3108517
FTNTu;03/01/23;49,53;50,25;48,02;48,52;4647000
GILDu;03/01/23;85,08;86,15;84,83;85,39;6049900
GOOGu;03/01/23;89,83;91,55;89,02;89,70;20728248
GOOGLu;03/01/23;89,585;91,05;88,52;89,12;28119228
HONu;03/01/23;215,15;215,15;212,22;214,30;2219300
IDXXu;03/01/23;409,92;420,00;399,27;406,01;394156
ILMNu;03/01/23;204,93;206,31;198,85;200,87;912300
INTCu;03/01/23;27,05;27,07;26,37;26,73;31299200
INTUu;03/01/23;396,70;404,45;385,22;391,18;1874000
ISRGu;03/01/23;269,59;270,89;263,67;265,63;1391686
KHCu;03/01/23;40,53;40,855;40,285;40,78;5749000
KLACu;03/01/23;384,00;384,29;372,58;376,55;764014
LINu;03/01/23;317,67;322,00;314,49;318,35;2374230
LRCXu;03/01/23;42,972;42,998;40,7528;41,43;13248750
LULUu;03/01/23;326,88;327,34;319,46;323,38;1304700
MARu;03/01/23;149,85;150,73;147,10;147,75;1686200
MCHPu;03/01/23;71,29;71,55;68,405;69,10;3536832
MDBu;03/01/23;199,45;201,94;186,36;190,75;1738493
MDLZu;03/01/23;66,50;66,70;65,37;66,25;6545300
MELIu;03/01/23;867,58;874,06;815,855;826,11;619260
METAu;03/01/23;122,82;126,36;122,28;124,74;35390204
MNSTu;03/01/23;101,77;102,29;100,32;101,32;1452113
MRNAu;03/01/23;180,85;184,39;178,23;178,99;4025600
MRVLu;03/01/23;37,91;38,19;35,775;35,99;10336698
MSFTu;03/01/23;243,08;245,75;237,40;239,58;25693700
MUu;03/01/23;50,56;50,96;49,55;50,37;12415900
NFLXu;03/01/23;298,06;298,39;288,70;294,95;6752700
NVDAu;03/01/23;14,851;14,996;14,096;14,315;395879400
NXPIu;03/01/23;159,78;160,425;153,11;155,05;1900270
ODFLu;03/01/23;286,01;286,50;279,99;282,52;441100
ONu;03/01/23;63,95;64,14;61,07;61,61;4364400
ORLYu;03/01/23;842,43;843,88;833,51;840,72;455500
PANWu;03/01/23;141,32;143,445;137,51;138,45;3909126
PAYXu;03/01/23;116,64;116,82;114,88;115,81;1792600
PCARu;03/01/23;98,88;99,13;97,67;98,43;1974249
PEPu;03/01/23;180,59;180,75;176,57;179,41;5137404
PYPLu;03/01/23;73,69;75,26;73,40;74,58;27643530
QCOMu;03/01/23;111,35;111,74;107,13;107,20;8106700
REGNu;03/01/23;721,86;732,43;719,3521;720,47;508474
ROPu;03/01/23;435,81;436,72;430,03;434,46;334858
ROSTu;03/01/23;116,63;117,12;114,75;115,83;1707000
SBUXu;03/01/23;100,56;101,17;99,47;100,83;6606000
SIRIu;03/01/23;5,84;5,86;5,72;5,79;16513668
SNPSu;03/01/23;323,00;326,31;315,5595;319,68;670837
TMUSu;03/01/23;139,00;140,085;136,28;139,04;8105560
TSLAu;03/01/23;118,47;118,80;104,64;108,10;231402816
TTWOu;03/01/23;105,26;106,26;102,38;103,11;1613925
TXNu;03/01/23;167,22;167,65;162,61;163,21;3691806
VRSKu;03/01/23;177,40;179,35;176,02;177,34;644400
VRTXu;03/01/23;288,61;289,06;283,50;286,02;1100400
WBAu;03/01/23;37,85;37,85;36,88;37,19;7375800
WDAYu;03/01/23;170,70;173,87;167,04;169,35;2094000
XELu;03/01/23;69,81;70,50;68,82;70,07;2684500
ZSu;03/01/23;114,72;116,67;108,18;110,19;2511062
GEHCu;03/01/23;60,68;60,68;55,87;56,00;1794100
CSGPu;03/01/23;78,29;78,63;76,59;77,65;1277300
AZNu;03/01/23;68,65;69,43;68,60;69,33;3474054
TEAMu;03/01/23;131,91;132,71;119,84;126,50;2862121
KDPu;03/01/23;35,65;35,71;35,15;35,55;6040460
PDDu;03/01/23;85,51;89,49;84,23;84,53;12106600
CRWDu;03/01/23;107,50;108,46;101,717;103,28;3447500
DDOGu;03/01/23;75,195;76,60;70,45;72,09;3551000
GFSu;03/01/23;53,93;54,11;50,40;51,70;2295700
CEGu;03/01/23;86,00;86,12;80,79;81,91;4030562
WBDu;03/01/23;9,65;9,94;9,49;9,54;25186100
DASHu;03/01/23;49,98;51,08;47,825;48,36;3684800
AAPLu;04/01/23;126,89;128,66;125,08;126,36;88886496
ABNBu;04/01/23;85,89;88,84;84,82;88,72;4813930
ADBEu;04/01/23;342,89;345,63;336,73;341,41;2185500
ADIu;04/01/23;165,38;167,59;163,79;165,91;3477922
ADPu;04/01/23;240,17;241,37;236,92;238,78;1368132
ADSKu;04/01/23;187,89;190,71;186,00;187,96;1069300
AEPu;04/01/23;95,27;96,87;94,89;95,52;1963500
AMATu;04/01/23;98,215;99,62;97,19;99,31;6289509
AMDu;04/01/23;65,00;65,79;63,31;64,66;47446880
AMGNu;04/01/23;263,01;265,01;261,00;264,39;1773400
AMZNu;04/01/23;86,55;86,98;83,36;85,14;68283000
ANSSu;04/01/23;242,39;246,68;239,47;242,94;472704
ASMLu;04/01/23;570,80;575,51;561,06;570,83;1086900
AVGOu;04/01/23;562,99;568,16;556,03;560,24;1705800
BIIBu;04/01/23;275,38;275,4441;269,95;270,81;1077063
BKNGu;04/01/23;2068,83;2113,595;2056,775;2110,44;368147
BKRu;04/01/23;28,38;28,38;27,375;27,89;10198811
CDNSu;04/01/23;161,00;161,92;157,461;159,23;1206066
CDWu;04/01/23;181,52;182,97;179,87;181,15;630700
CHTRu;04/01/23;347,01;355,93;345,21;354,00;1639300
CMCSAu;04/01/23;36,25;36,97;36,03;36,59;24067656
COSTu;04/01/23;457,18;459,51;452,59;456,56;2096500
CPRTu;04/01/23;62,28;62,62;61,53;61,98;1487267
CSCOu;04/01/23;48,28;48,48;47,17;47,55;18330600
CSXu;04/01/23;31,01;31,49;30,90;31,28;9070802
CTASu;04/01/23;113,2425;113,5725;110,195;110,9575;1392800
CTSHu;04/01/23;58,24;58,63;57,62;58,06;3066609
DLTRu;04/01/23;140,55;141,75;137,95;140,52;1541990
DXCMu;04/01/23;116,79;117,54;113,39;114,33;2188600
EAu;04/01/23;123,40;126,20;123,40;125,01;1497700
EXCu;04/01/23;43,39;43,96;43,22;43,73;4322666
FANGu;04/01/23;129,11;133,19;128,08;130,62;1722200
FASTu;04/01/23;47,99;48,41;47,51;47,97;2528000
FTNTu;04/01/23;49,02;49,47;47,96;48,30;4674500
GILDu;04/01/23;86,20;86,50;84,94;85,50;5712400
GOOGu;04/01/23;91,01;91,24;87,80;88,71;27031832
GOOGLu;04/01/23;90,35;90,65;87,271;88,08;34854776
HONu;04/01/23;208,50;211,24;207,32;210,04;3859800
IDXXu;04/01/23;415,17;424,86;414,53;422,43;442200
ILMNu;04/01/23;206,11;208,22;201,00;202,61;828700
INTCu;04/01/23;27,41;27,92;27,16;27,68;37633800
INTUu;04/01/23;397,58;399,72;387,60;391,57;1209400
ISRGu;04/01/23;269,36;271,01;266,84;270,00;1434814
KHCu;04/01/23;41,04;41,585;40,90;41,24;8197000
KLACu;04/01/23;382,85;385,03;374,09;380,23;1187558
LINu;04/01/23;318,72;320,245;315,07;316,77;2018991
LRCXu;04/01/23;42,164;42,827;41,647;42,246;10525140
LULUu;04/01/23;326,56;326,75;317,03;320,98;1675200
MARu;04/01/23;149,24;151,24;149,10;149,86;1730700
MCHPu;04/01/23;70,61;71,61;69,58;70,79;5212800
MDBu;04/01/23;191,84;192,63;183,57;187,21;1691533
MDLZu;04/01/23;66,36;67,39;66,26;66,73;6084500
MELIu;04/01/23;842,00;849,29;821,98;837,44;404900
METAu;04/01/23;127,38;129,0498;125,85;127,37;32397094
MNSTu;04/01/23;102,11;102,73;101,16;102,15;1743082
MRNAu;04/01/23;182,42;183,61;175,63;177,36;2839300
MRVLu;04/01/23;36,80;36,94;35,64;36,61;10222800
MSFTu;04/01/23;232,28;232,87;225,96;229,10;50372600
MUu;04/01/23;53,05;54,52;52,73;54,20;25077300
NFLXu;04/01/23;298,24;311,135;295,51;309,41;9345054
NVDAu;04/01/23;14,567;14,853;14,241;14,749;431323600
NXPIu;04/01/23;158,28;160,36;156,10;157,96;1678400
ODFLu;04/01/23;285,24;290,34;284,21;288,79;728700
ONu;04/01/23;62,68;63,39;61,15;62,20;6187600
ORLYu;04/01/23;846,02;850,72;824,25;826,74;499225
PANWu;04/01/23;139,68;141,24;137,03;138,54;4273400
PAYXu;04/01/23;116,95;118,19;115,78;117,07;1475200
PCARu;04/01/23;99,07;99,35;97,771;98,21;1766181
PEPu;04/01/23;179,41;180,54;177,55;178,97;4771321
PYPLu;04/01/23;76,11;78,48;75,43;77,69;19135100
QCOMu;04/01/23;109,80;112,23;108,81;111,53;7610400
REGNu;04/01/23;728,19;731,8115;719,165;726,49;501573
ROPu;04/01/23;438,84;445,28;436,10;442,74;371320
ROSTu;04/01/23;117,24;118,90;116,54;117,97;2008900
SBUXu;04/01/23;102,69;104,73;102,55;104,46;8139200
SIRIu;04/01/23;5,85;5,92;5,83;5,86;18321776
SNPSu;04/01/23;323,76;325,92;315,98;320,93;790400
TMUSu;04/01/23;140,50;140,98;137,37;139,96;6893479
TSLAu;04/01/23;109,11;114,59;107,52;113,64;180388976
TTWOu;04/01/23;103,50;108,63;103,50;106,77;1474836
TXNu;04/01/23;165,295;169,69;165,295;169,17;6285339
VRSKu;04/01/23;179,84;181,64;178,70;180,25;603200
VRTXu;04/01/23;288,30;289,29;283,98;286,83;1137569
WBAu;04/01/23;37,60;37,95;36,98;37,49;7980000
WDAYu;04/01/23;171,31;173,16;168,99;171,22;1659900
XELu;04/01/23;70,41;71,23;70,13;70,67;2265900
ZSu;04/01/23;111,93;114,08;108,93;111,59;1589533
CSGPu;04/01/23;78,60;78,80;77,45;78,00;1359400
AZNu;04/01/23;70,49;70,59;69,12;69,50;4936253
TEAMu;04/01/23;128,00;128,195;123,22;126,40;2148409
KDPu;04/01/23;35,83;35,87;35,33;35,84;6617447
PDDu;04/01/23;89,17;92,80;88,70;91,06;13526000
CRWDu;04/01/23;104,77;106,89;102,54;104,365;3038200
DDOGu;04/01/23;72,12;72,60;67,82;68,96;5188100
GFSu;04/01/23;52,75;53,61;52,38;52,91;1462500
CEGu;04/01/23;81,95;83,74;81,29;83,41;2612191
WBDu;04/01/23;9,79;10,61;9,56;10,38;34435900
GEHCu;04/01/23;54,13;60,71;53,50;60,49;33338500
DASHu;04/01/23;49,35;50,19;47,72;48,93;2874100
AAPLu;05/01/23;127,13;127,77;124,76;125,02;80829600
ABNBu;05/01/23;88,48;88,48;86,75;87,71;3413772
ADBEu;05/01/23;337,53;337,55;328,16;328,44;2081100
ADIu;05/01/23;164,47;165,63;159,58;159,69;4750300
ADPu;05/01/23;237,50;238,06;232,18;233,63;1575000
ADSKu;05/01/23;186,05;186,32;180,38;182,07;1488400
AEPu;05/01/23;94,84;95,45;93,48;93,78;2373900
AMATu;05/01/23;97,84;99,24;97,36;97,92;4557079
AMDu;05/01/23;64,15;64,35;62,30;62,33;46134080
AMGNu;05/01/23;264,07;268,00;262,52;266,86;2056000
AMZNu;05/01/23;85,33;85,42;83,07;83,12;67930824
ANSSu;05/01/23;239,32;240,41;230,94;231,65;561000
ASMLu;05/01/23;565,38;573,55;562,55;565,32;710900
AVGOu;05/01/23;555,71;559,84;551,12;555,02;1627700
BIIBu;05/01/23;269,33;272,80;265,32;271,59;1195300
BKNGu;05/01/23;2085,49;2153,47;2085,49;2144,94;376000
BKRu;05/01/23;27,85;28,865;27,755;28,80;5748279
CDNSu;05/01/23;157,56;158,74;154,88;156,80;1728200
CDWu;05/01/23;179,60;180,55;177,61;178,06;592235
CHTRu;05/01/23;362,40;365,88;355,37;361,43;1490400
CMCSAu;05/01/23;36,90;37,145;36,21;36,98;26969622
COSTu;05/01/23;454,54;456,43;449,62;450,19;2161800
CPRTu;05/01/23;61,42;61,42;60,51;60,55;1574600
CSCOu;05/01/23;47,49;47,49;46,76;46,88;17371400
CSXu;05/01/23;31,11;31,28;30,80;30,91;11660800
CTASu;05/01/23;109,68;110,1425;107,8725;108,3825;1853200
CTSHu;05/01/23;57,00;57,63;56,78;57,57;2682570
DLTRu;05/01/23;140,14;143,25;138,55;142,56;1670700
DXCMu;05/01/23;113,26;114,28;110,87;111,69;2348200
EAu;05/01/23;124,56;125,33;124,04;124,68;929600
EXCu;05/01/23;43,41;43,48;42,2901;42,78;7178489
FANGu;05/01/23;131,08;135,24;130,26;134,04;2368182
FASTu;05/01/23;47,70;47,75;45,76;46,30;4169200
FTNTu;05/01/23;47,77;48,18;46,55;47,45;6584700
GILDu;05/01/23;85,01;86,41;85,00;85,85;5710700
GOOGu;05/01/23;88,07;88,21;86,56;86,77;23136084
GOOGLu;05/01/23;87,47;87,57;85,90;86,20;27194376
HONu;05/01/23;208,48;208,81;204,06;204,47;4057200
IDXXu;05/01/23;416,24;421,71;410,40;419,20;551000
ILMNu;05/01/23;198,60;203,82;196,34;201,15;946400
INTCu;05/01/23;27,44;27,78;27,38;27,56;33545200
INTUu;05/01/23;386,35;387,47;375,00;375,62;1263800
ISRGu;05/01/23;267,69;271,87;266,51;268,62;1803700
KHCu;05/01/23;41,39;41,59;41,19;41,33;6608600
KLACu;05/01/23;374,68;380,79;373,13;373,47;924876
LINu;05/01/23;305,27;307,905;302,17;305,49;3133700
LRCXu;05/01/23;41,562;42,458;41,26;41,706;9835470
LULUu;05/01/23;320,87;328,54;316,50;325,93;1786700
MARu;05/01/23;149,01;150,09;147,96;148,88;1542300
MCHPu;05/01/23;69,86;70,78;68,98;69,10;4026000
MDBu;05/01/23;185,01;185,01;170,52;172,18;2259653
MDLZu;05/01/23;66,99;67,13;66,03;66,19;5353400
MELIu;05/01/23;827,87;859,96;818,01;856,09;414900
METAu;05/01/23;126,125;128,52;124,54;126,94;25447100
MNSTu;05/01/23;101,33;101,55;100,17;100,38;1849100
MRNAu;05/01/23;174,80;175,514;171,60;173,51;3049000
MRVLu;05/01/23;35,74;35,99;34,67;34,68;13007295
MSFTu;05/01/23;227,20;227,55;221,76;222,31;39558400
MUu;05/01/23;53,89;55,39;53,89;54,71;18030888
NFLXu;05/01/23;307,00;314,18;304,545;309,70;8328390
NVDAu;05/01/23;14,491;14,564;14,148;14,265;386596600
NXPIu;05/01/23;156,10;157,26;153,10;153,51;1692400
ODFLu;05/01/23;285,02;285,91;280,24;281,48;589200
ONu;05/01/23;61,12;63,77;59,61;59,74;9251200
ORLYu;05/01/23;824,70;837,15;823,675;834,29;366639
PANWu;05/01/23;137,62;137,68;132,70;135,11;5736686
PAYXu;05/01/23;116,39;116,44;113,70;114,36;1352300
PCARu;05/01/23;97,93;98,24;96,96;97,78;1742300
PEPu;05/01/23;177,96;178,77;176,86;177,10;3647074
PYPLu;05/01/23;77,30;77,30;75,65;76,27;11099073
QCOMu;05/01/23;109,93;110,92;109,13;109,40;7543800
REGNu;05/01/23;724,69;730,56;718,75;723,76;499800
ROPu;05/01/23;439,47;441,49;434,13;435,92;254800
ROSTu;05/01/23;116,94;118,97;116,47;118,40;2058800
SBUXu;05/01/23;104,49;105,10;103,49;104,43;5573500
SIRIu;05/01/23;5,85;5,87;5,79;5,83;11576096
SNPSu;05/01/23;317,75;318,10;312,25;315,04;794200
TMUSu;05/01/23;140,63;145,10;140,16;144,48;9203638
TSLAu;05/01/23;110,51;111,75;107,1601;110,34;157986320
TTWOu;05/01/23;106,77;106,95;105,32;105,96;1218400
TXNu;05/01/23;167,79;170,04;165,855;166,93;6415318
VRSKu;05/01/23;178,83;179,06;176,36;177,64;693300
VRTXu;05/01/23;284,33;290,17;283,90;287,89;1187032
WBAu;05/01/23;35,91;36,18;34,30;35,19;19323900
WDAYu;05/01/23;167,52;167,52;157,85;160,19;3003800
XELu;05/01/23;69,92;70,46;68,98;69,24;2104500
ZSu;05/01/23;109,42;109,93;104,00;104,39;3931137
CSGPu;05/01/23;76,99;77,45;74,65;74,90;1664900
AZNu;05/01/23;69,16;70,30;68,893;69,81;5020260
TEAMu;05/01/23;124,50;125,35;119,82;119,97;2691752
KDPu;05/01/23;35,35;35,54;35,22;35,29;7552322
PDDu;05/01/23;90,00;96,75;89,14;95,43;13897500
CRWDu;05/01/23;98,00;98,01;94,515;94,89;10001700
DDOGu;05/01/23;67,80;68,01;63,39;63,50;7975700
GFSu;05/01/23;51,055;52,41;50,90;51,02;1361800
CEGu;05/01/23;82,92;83,92;81,885;82,41;1906378
WBDu;05/01/23;10,38;11,05;10,12;10,86;33761600
GEHCu;05/01/23;60,64;62,98;58,14;59,00;8850600
DASHu;05/01/23;48,17;48,25;46,80;47,13;3653200
AAPLu;06/01/23;126,01;130,29;124,89;129,62;87686600
ABNBu;06/01/23;88,52;88,74;85,71;88,52;4303148
ADBEu;06/01/23;332,28;334,88;322,44;332,75;2216100
ADIu;06/01/23;161,76;166,75;159,93;165,52;3483350
ADPu;06/01/23;235,98;242,51;235,0501;240,16;1771737
ADSKu;06/01/23;184,23;188,60;179,61;187,19;1294661
AEPu;06/01/23;94,76;97,18;94,76;96,53;2287000
AMATu;06/01/23;100,00;104,855;98,58;104,27;7241667
AMDu;06/01/23;63,145;64,30;60,05;63,96;70150120
AMGNu;06/01/23;270,04;276,82;269,03;275,20;2887810
AMZNu;06/01/23;83,03;86,40;81,43;86,08;83303360
ANSSu;06/01/23;234,78;241,13;230,00;239,41;363962
ASMLu;06/01/23;575,33;598,6845;567,47;595,85;1025980
AVGOu;06/01/23;563,12;591,00;562,305;588,43;3526101
BIIBu;06/01/23;276,01;292,59;272,44;279,25;3719741
BKNGu;06/01/23;2165,12;2191,20;2151,16;2179,25;350405
BKRu;06/01/23;29,37;30,38;29,17;29,96;6928320
CDNSu;06/01/23;158,75;160,32;155,20;159,66;1049385
CDWu;06/01/23;180,33;183,77;179,48;183,22;443900
CHTRu;06/01/23;367,07;370,29;360,79;367,73;1086000
CMCSAu;06/01/23;37,56;38,00;37,17;37,89;18780000
COSTu;06/01/23;463,08;484,42;462,22;482,87;5172200
CPRTu;06/01/23;61,14;62,63;60,64;62,39;1518261
CSCOu;06/01/23;47,46;48,58;47,275;48,32;20648138
CSXu;06/01/23;31,11;32,36;31,10;32,20;10799358
CTASu;06/01/23;108,7475;111,375;108,6475;110,485;1720000
CTSHu;06/01/23;57,94;59,925;57,83;59,75;4411588
DLTRu;06/01/23;143,65;146,69;143,65;145,83;1846893
DXCMu;06/01/23;113,03;117,01;110,84;115,82;2362846
EAu;06/01/23;125,17;125,85;123,01;123,89;2781900
EXCu;06/01/23;43,24;43,92;43,14;43,67;6971935
FANGu;06/01/23;136,50;139,38;135,70;138,14;2470900
FASTu;06/01/23;46,77;47,76;46,56;47,61;3596798
FTNTu;06/01/23;48,32;48,86;47,08;48,69;5223400
GILDu;06/01/23;86,61;88,29;86,22;88,08;5939532
GOOGu;06/01/23;87,36;88,47;85,57;88,16;26607650
GOOGLu;06/01/23;86,79;87,69;84,86;87,34;41375424
HONu;06/01/23;206,47;211,06;205,8738;210,27;4056383
IDXXu;06/01/23;426,00;448,99;412,31;447,77;1239219
ILMNu;06/01/23;204,58;204,58;190,73;201,87;1523400
INTCu;06/01/23;27,93;28,83;27,38;28,73;31760300
INTUu;06/01/23;380,24;389,34;370,62;386,52;1312700
ISRGu;06/01/23;271,17;273,40;264,68;270,39;1659475
KHCu;06/01/23;41,94;42,78;41,78;42,59;6421200
KLACu;06/01/23;379,99;397,685;377,6967;397,59;1423065
LINu;06/01/23;307,82;317,14;307,57;316,16;2524969
LRCXu;06/01/23;42,914;44,733;42,0356;44,527;14764270
LULUu;06/01/23;329,50;334,23;326,82;329,26;2298200
MARu;06/01/23;150,54;153,91;150,03;153,38;1589000
MCHPu;06/01/23;70,68;73,26;69,74;72,77;4858378
MDBu;06/01/23;172,20;173,66;164,76;169,82;2006724
MDLZu;06/01/23;67,15;68,26;66,89;68,02;5843600
MELIu;06/01/23;856,09;879,42;847,01;873,47;342966
METAu;06/01/23;128,97;130,33;126,05;130,02;27584498
MNSTu;06/01/23;101,20;103,145;101,01;102,43;1940731
MRNAu;06/01/23;174,96;181,74;171,40;180,35;3573100
MRVLu;06/01/23;35,15;36,44;33,75;36,10;21224910
MSFTu;06/01/23;223,00;225,76;219,35;224,93;43597700
MUu;06/01/23;55,43;57,29;54,03;56,77;21067100
NFLXu;06/01/23;311,57;316,77;303,69;315,55;8949600
NVDAu;06/01/23;14,491;15,01;14,034;14,859;404669000
NXPIu;06/01/23;155,85;160,17;153,89;159,63;2063199
ODFLu;06/01/23;285,71;302,04;284,81;300,70;1054700
ONu;06/01/23;60,85;62,74;59,75;62,47;7144000
ORLYu;06/01/23;846,68;856,57;839,00;842,52;420200
PANWu;06/01/23;136,01;136,88;133,52;134,85;3707050
PAYXu;06/01/23;115,59;117,98;114,98;117,45;1257900
PCARu;06/01/23;98,49;100,61;98,49;100,32;1594812
PEPu;06/01/23;178,81;181,83;178,80;181,10;3713163
PYPLu;06/01/23;76,77;77,06;73,95;76,48;12901715
QCOMu;06/01/23;110,96;115,98;110,05;115,34;10255000
REGNu;06/01/23;730,74;747,70;721,7919;737,15;602435
ROPu;06/01/23;439,93;443,85;436,83;443,67;467292
ROSTu;06/01/23;119,42;122,45;119,17;121,57;2467900
SBUXu;06/01/23;105,38;107,00;105,01;106,69;9641300
SIRIu;06/01/23;5,89;5,99;5,87;5,99;11929785
SNPSu;06/01/23;318,89;323,345;312,28;320,54;574719
TMUSu;06/01/23;145,79;149,47;145,79;148,57;6539579
TSLAu;06/01/23;103,00;114,39;101,81;113,06;220911056
TTWOu;06/01/23;107,08;107,08;103,285;104,75;2510147
TXNu;06/01/23;169,62;176,16;167,42;175,16;6725941
VRSKu;06/01/23;179,51;183,52;178,00;182,88;728700
VRTXu;06/01/23;291,81;293,65;288,62;290,21;943400
WBAu;06/01/23;35,36;36,74;35,11;36,61;10009200
WDAYu;06/01/23;163,20;164,73;157,96;161,14;1910300
XELu;06/01/23;70,15;71,58;70,07;71,29;2976200
ZSu;06/01/23;105,22;105,34;100,96;103,96;2613138
CSGPu;06/01/23;75,80;77,32;74,16;77,12;1602600
AZNu;06/01/23;69,85;71,19;69,61;70,80;7341549
TEAMu;06/01/23;120,68;124,195;116,40;121,28;2886769
KDPu;06/01/23;35,56;36,39;35,475;36,26;8038626
PDDu;06/01/23;94,22;96,49;93,11;95,96;9011800
CRWDu;06/01/23;94,385;95,96;92,26;94,72;6769800
DDOGu;06/01/23;63,16;64,665;61,34;64,14;5092100
GFSu;06/01/23;51,925;53,05;51,21;52,75;2145600
CEGu;06/01/23;83,62;85,16;83,08;83,50;1914128
WBDu;06/01/23;10,88;11,39;10,73;11,32;29833400
GEHCu;06/01/23;59,68;59,94;57,87;58,95;5902600
DASHu;06/01/23;47,32;48,35;45,932;48,00;3802400
AAPLu;09/01/23;130,47;133,41;129,89;130,15;70675200
ABNBu;09/01/23;90,255;92,05;88,88;89,24;4312663
ADBEu;09/01/23;338,90;349,46;338,42;341,98;3133300
ADIu;09/01/23;167,39;169,91;165,68;167,10;3734100
ADPu;09/01/23;241,12;243,52;239,27;239,51;1963500
ADSKu;09/01/23;190,52;199,09;190,48;192,47;1400800
AEPu;09/01/23;96,41;98,32;96,23;97,95;2561400
AMATu;09/01/23;105,55;108,76;104,16;106,49;6212259
AMDu;09/01/23;66,22;69,32;65,67;67,24;69457496
AMGNu;09/01/23;275,58;275,58;268,66;270,12;2160700
AMZNu;09/01/23;87,46;89,48;87,08;87,36;65172400
ANSSu;09/01/23;241,97;253,55;241,40;247,99;425600
ASMLu;09/01/23;613,99;632,39;612,80;621,33;1348000
AVGOu;09/01/23;592,30;601,67;560,56;576,89;3768500
BIIBu;09/01/23;280,54;281,99;269,06;274,72;1715700
BKNGu;09/01/23;2195,00;2222,52;2184,92;2208,41;271600
BKRu;09/01/23;30,56;31,10;30,31;30,54;5574100
CDNSu;09/01/23;161,34;168,52;161,34;165,92;1924900
CDWu;09/01/23;183,80;186,87;183,195;183,96;564241
CHTRu;09/01/23;365,00;369,08;363,54;367,18;1073500
CMCSAu;09/01/23;37,99;38,00;37,42;37,55;22848800
COSTu;09/01/23;482,93;486,87;478,14;478,75;2384000
CPRTu;09/01/23;62,66;63,60;62,22;62,44;1773900
CSCOu;09/01/23;48,26;49,21;48,22;48,58;13935400
CSXu;09/01/23;32,19;32,63;32,06;32,14;14682100
CTASu;09/01/23;110,615;112,0025;109,76;110,3275;1529200
CTSHu;09/01/23;58,57;61,15;58,56;60,86;6787100
DLTRu;09/01/23;145,83;146,68;143,87;143,97;2392805
DXCMu;09/01/23;112,46;113,69;107,46;110,06;4995300
EAu;09/01/23;123,89;126,02;123,42;124,17;1685700
EXCu;09/01/23;43,575;44,365;43,335;44,15;9539230
FANGu;09/01/23;140,84;143,36;140,27;141,49;2410456
FASTu;09/01/23;47,71;48,92;47,55;47,95;3697500
FTNTu;09/01/23;49,41;50,67;49,30;49,41;4539700
GILDu;09/01/23;87,77;87,90;84,95;85,10;5435400
GOOGu;09/01/23;89,195;90,83;88,58;88,80;22996680
GOOGLu;09/01/23;88,36;90,05;87,86;88,02;29003900
HONu;09/01/23;210,27;213,63;209,54;210,67;2627400
IDXXu;09/01/23;451,02;459,49;444,35;448,08;892200
ILMNu;09/01/23;205,57;210,96;204,47;207,31;1065100
INTCu;09/01/23;28,84;29,87;28,84;29,31;37452900
INTUu;09/01/23;391,10;402,64;388,16;395,34;1331600
ISRGu;09/01/23;272,59;273,58;264,21;264,93;1509000
KHCu;09/01/23;42,39;42,80;42,19;42,20;9772700
KLACu;09/01/23;402,63;416,91;400,12;408,33;1955400
LINu;09/01/23;322,27;325,07;320,12;321,92;2394083
LRCXu;09/01/23;45,12;46,34;44,462;45,243;14079000
LULUu;09/01/23;293,20;304,41;289,48;298,66;8289600
MARu;09/01/23;151,76;155,38;151,65;152,53;1864500
MCHPu;09/01/23;74,00;75,39;73,56;73,80;3398400
MDBu;09/01/23;173,64;179,27;172,07;178,07;1631965
MDLZu;09/01/23;67,67;68,33;67,22;67,24;4132700
MELIu;09/01/23;891,26;920,00;882,00;897,31;451400
METAu;09/01/23;131,16;132,95;129,29;129,47;26313352
MNSTu;09/01/23;102,26;103,08;100,87;101,15;1801000
MRNAu;09/01/23;181,80;188,36;177,27;183,95;4339800
MRVLu;09/01/23;37,10;38,03;36,76;36,92;10523000
MSFTu;09/01/23;226,45;231,24;226,41;227,12;27323200
MUu;09/01/23;56,82;57,52;55,65;56,36;15707900
NFLXu;09/01/23;316,83;321,70;313,22;315,17;6760700
NVDAu;09/01/23;15,284;16,056;15,141;15,628;503853000
NXPIu;09/01/23;162,29;164,45;160,04;160,97;1833200
ODFLu;09/01/23;304,38;312,74;302,78;306,37;1054700
ONu;09/01/23;64,60;66,29;64,23;64,65;6407500
ORLYu;09/01/23;839,83;844,98;826,83;828,71;334600
PANWu;09/01/23;137,00;139,69;134,69;135,08;4394972
PAYXu;09/01/23;117,35;119,04;117,13;117,41;1484200
PCARu;09/01/23;100,26;101,17;99,53;99,79;1807000
PEPu;09/01/23;180,44;182,77;178,81;179,33;3319247
PYPLu;09/01/23;77,00;78,765;76,53;77,08;12751646
QCOMu;09/01/23;116,73;118,85;113,54;114,61;10281000
REGNu;09/01/23;693,13;708,21;668,00;680,49;1664400
ROPu;09/01/23;444,00;449,39;442,25;443,41;517500
ROSTu;09/01/23;120,75;121,25;118,61;118,73;2581300
SBUXu;09/01/23;106,52;106,68;104,43;104,74;10124400
SIRIu;09/01/23;5,935;5,96;5,89;5,91;9848430
SNPSu;09/01/23;323,33;332,60;323,33;325,95;717700
TMUSu;09/01/23;148,02;150,23;147,75;148,77;4924273
TSLAu;09/01/23;118,96;123,52;117,11;119,77;190283952
TTWOu;09/01/23;105,26;107,29;104,92;105,10;2185800
TXNu;09/01/23;177,15;180,38;176,33;176,68;5702248
VRSKu;09/01/23;183,00;185,16;181,88;182,05;1095800
VRTXu;09/01/23;290,09;291,66;282,21;283,23;1299200
WBAu;09/01/23;36,73;37,11;36,30;36,35;9434100
WDAYu;09/01/23;162,20;167,10;162,20;162,93;1727600
XELu;09/01/23;70,98;72,49;70,94;71,98;2707800
ZSu;09/01/23;106,11;109,686;104,50;104,75;2957624
CSGPu;09/01/23;77,46;78,59;76,72;77,08;1481300
AZNu;09/01/23;71,05;71,66;70,72;70,90;6586624
TEAMu;09/01/23;123,77;127,72;121,865;127,17;3959557
KDPu;09/01/23;36,18;36,56;36,005;36,03;4344136
PDDu;09/01/23;99,01;99,30;95,23;95,52;9264100
CRWDu;09/01/23;97,04;99,80;95,80;96,57;6431700
DDOGu;09/01/23;65,80;67,83;64,89;65,94;4237800
GFSu;09/01/23;53,61;56,268;53,31;55,38;1216300
CEGu;09/01/23;83,85;85,21;83,58;84,00;1301581
WBDu;09/01/23;11,39;11,71;11,23;11,61;25383800
GEHCu;09/01/23;58,79;59,98;57,73;58,10;5288900
DASHu;09/01/23;46,50;49,74;46,25;48,05;8097500
AAPLu;10/01/23;130,26;131,26;128,12;130,73;63803400
ABNBu;10/01/23;88,86;89,62;86,75;88,54;4131568
ADBEu;10/01/23;337,65;344,63;336,80;338,70;1669800
ADIu;10/01/23;166,50;169,75;166,50;169,22;2351900
ADPu;10/01/23;239,01;241,01;237,46;240,78;969400
ADSKu;10/01/23;190,23;194,30;190,23;193,43;1126800
AEPu;10/01/23;97,61;98,08;96,47;97,28;3975900
AMATu;10/01/23;106,14;108,19;105,86;108,04;4638814
AMDu;10/01/23;66,67;68,15;66,56;68,05;41133276
AMGNu;10/01/23;271,95;274,61;270,11;273,88;1783400
AMZNu;10/01/23;87,57;90,185;87,29;89,87;67756600
ANSSu;10/01/23;247,61;249,99;244,81;248,40;307700
ASMLu;10/01/23;622,63;633,78;621,61;633,39;872500
AVGOu;10/01/23;572,00;575,13;549,99;574,93;4462300
BIIBu;10/01/23;276,83;283,38;275,32;281,46;1379200
BKNGu;10/01/23;2200,56;2220,96;2179,32;2220,95;216700
BKRu;10/01/23;30,44;30,93;30,05;30,87;6086300
CDNSu;10/01/23;164,59;166,61;162,48;164,32;1202958
CDWu;10/01/23;183,45;186,49;182,87;186,38;349015
CHTRu;10/01/23;367,18;374,64;366,69;374,64;1114800
CMCSAu;10/01/23;37,40;37,93;37,34;37,88;15755700
COSTu;10/01/23;477,14;482,09;475,48;481,40;1648300
CPRTu;10/01/23;61,96;62,27;61,35;61,62;2588650
CSCOu;10/01/23;48,80;49,21;48,59;48,81;12473900
CSXu;10/01/23;31,89;32,41;31,89;32,40;11176600
CTASu;10/01/23;109,915;111,265;109,5775;111,2425;1128000
CTSHu;10/01/23;60,55;61,25;59,78;61,21;6993908
DLTRu;10/01/23;143,97;146,30;142,28;145,88;1897800
DXCMu;10/01/23;108,79;111,94;107,84;110,88;2381000
EAu;10/01/23;124,18;124,87;122,30;124,02;1819600
EXCu;10/01/23;43,86;44,06;43,17;43,69;4502800
FANGu;10/01/23;142,52;143,12;139,77;141,95;1756322
FASTu;10/01/23;47,77;48,53;47,67;48,50;1919500
FTNTu;10/01/23;49,12;50,15;48,10;48,42;5314100
GILDu;10/01/23;85,20;87,53;84,86;87,14;5034500
GOOGu;10/01/23;86,72;89,475;86,70;89,24;22855590
GOOGLu;10/01/23;85,98;88,67;85,83;88,42;30467756
HONu;10/01/23;209,50;211,45;209,50;211,34;1775700
IDXXu;10/01/23;442,80;469,33;442,80;469,11;645700
ILMNu;10/01/23;186,21;199,66;182,00;194,45;4051800
INTCu;10/01/23;29,24;29,51;28,92;29,44;23001400
INTUu;10/01/23;387,58;394,96;385,53;388,68;1069900
ISRGu;10/01/23;263,33;271,395;263,33;271,36;1316725
KHCu;10/01/23;42,15;42,57;42,14;42,33;6925200
KLACu;10/01/23;406,99;416,70;406,35;416,27;977935
LINu;10/01/23;322,39;323,24;319,37;322,03;1244875
LRCXu;10/01/23;44,808;45,881;44,716;45,861;10665000
LULUu;10/01/23;299,84;309,88;298,59;309,48;3139100
MARu;10/01/23;152,44;153,79;151,50;153,16;1275200
MCHPu;10/01/23;73,99;75,53;73,36;75,45;2744500
MDBu;10/01/23;175,59;183,06;174,70;182,09;1149962
MDLZu;10/01/23;67,02;67,47;67,00;67,31;3560600
MELIu;10/01/23;897,00;919,19;896,31;915,78;270200
METAu;10/01/23;127,27;133,44;127,15;132,99;28067714
MNSTu;10/01/23;101,08;102,21;100,29;100,53;2491800
MRNAu;10/01/23;182,70;189,81;181,503;189,65;2457100
MRVLu;10/01/23;36,55;37,34;36,02;37,01;9696200
MSFTu;10/01/23;227,76;231,31;227,33;228,85;27013600
MUu;10/01/23;56,16;57,28;55,86;57,21;10566900
NFLXu;10/01/23;311,07;329,35;311,07;327,54;13053900
NVDAu;10/01/23;15,507;15,962;15,472;15,909;383520000
NXPIu;10/01/23;163,55;166,25;161,98;166,07;2219200
ODFLu;10/01/23;303,89;306,85;301,45;306,60;461600
ONu;10/01/23;61,55;64,45;61,30;64,27;8246600
ORLYu;10/01/23;828,71;833,01;820,60;826,88;350800
PANWu;10/01/23;134,59;136,50;132,93;134,19;4858180
PAYXu;10/01/23;117,23;117,95;115,86;117,31;1112400
PCARu;10/01/23;98,76;100,53;98,28;100,49;1838800
PEPu;10/01/23;178,79;179,53;177,09;177,85;3817303
PYPLu;10/01/23;76,90;78,015;76,51;77,92;10436048
QCOMu;10/01/23;114,02;116,97;113,72;116,91;6381900
REGNu;10/01/23;676,37;707,21;675,00;698,95;793200
ROPu;10/01/23;443,89;445,91;441,02;443,46;323100
ROSTu;10/01/23;118,73;120,04;118,73;119,79;1596300
SBUXu;10/01/23;104,36;106,43;104,17;106,00;4183200
SIRIu;10/01/23;5,88;5,93;5,86;5,91;8439036
SNPSu;10/01/23;324,56;328,53;324,20;327,63;530500
TMUSu;10/01/23;148,97;149,90;147,74;149,56;3305888
TSLAu;10/01/23;121,07;122,76;114,92;118,85;167642480
TTWOu;10/01/23;104,79;106,68;104,79;105,53;1313800
TXNu;10/01/23;176,63;179,62;175,825;178,40;4267363
VRSKu;10/01/23;181,00;183,89;180,37;183,54;403000
VRTXu;10/01/23;283,23;288,85;282,58;288,75;1038900
WBAu;10/01/23;36,35;36,72;36,06;36,70;6340800
WDAYu;10/01/23;161,09;163,72;158,94;160,21;1824800
XELu;10/01/23;71,81;72,19;71,47;72,11;3027500
ZSu;10/01/23;102,47;105,58;101,10;104,97;2912538
CSGPu;10/01/23;76,61;77,85;76,14;77,83;993100
AZNu;10/01/23;71,68;72,12;71,4225;71,60;4800417
TEAMu;10/01/23;126,26;132,56;125,225;132,16;2592295
KDPu;10/01/23;36,00;36,17;35,495;35,69;4133863
PDDu;10/01/23;96,46;97,03;93,27;94,09;5802300
CRWDu;10/01/23;94,72;96,03;92,25;95,67;7705000
DDOGu;10/01/23;65,22;66,88;63,56;66,77;3654000
GFSu;10/01/23;54,85;55,82;54,66;55,41;802500
CEGu;10/01/23;83,40;83,49;81,58;83,08;1376704
WBDu;10/01/23;11,80;12,58;11,77;12,56;43263500
GEHCu;10/01/23;59,15;60,06;58,055;60,00;6663000
DASHu;10/01/23;47,73;48,88;46,49;48,04;3850600
AAPLu;11/01/23;131,25;133,51;130,46;133,49;69359696
ABNBu;11/01/23;89,00;94,83;88,864;94,44;7713200
ADBEu;11/01/23;337,39;343,19;333,47;342,93;2342900
ADIu;11/01/23;167,72;170,08;167,31;169,79;3068956
ADPu;11/01/23;241,96;245,22;241,54;245,05;1277621
ADSKu;11/01/23;195,36;200,28;194,06;199,93;1144083
AEPu;11/01/23;97,25;97,79;97,03;97,63;5187300
AMATu;11/01/23;106,68;110,19;106,53;110,06;5532560
AMDu;11/01/23;68,39;69,13;67,2201;69,06;44439916
AMGNu;11/01/23;275,97;276,84;270,19;272,91;2044400
AMZNu;11/01/23;90,93;95,26;90,93;95,09;103126184
ANSSu;11/01/23;249,90;252,75;247,17;252,16;369993
ASMLu;11/01/23;635,55;645,14;633,30;644,68;806541
AVGOu;11/01/23;573,00;578,34;566,87;578,14;2249700
BIIBu;11/01/23;281,85;285,33;281,24;285,03;1385900
BKNGu;11/01/23;2223,35;2246,27;2216,66;2224,81;289997
BKRu;11/01/23;30,98;31,15;30,5556;30,83;5251342
CDNSu;11/01/23;164,58;168,70;163,76;168,47;1523600
CDWu;11/01/23;186,96;190,70;186,79;190,58;506500
CHTRu;11/01/23;377,30;379,69;372,22;378,43;848600
CMCSAu;11/01/23;38,06;38,10;37,43;37,95;13346600
COSTu;11/01/23;480,33;484,52;479,11;484,31;1574000
CPRTu;11/01/23;61,75;62,48;61,21;62,36;2284800
CSCOu;11/01/23;48,83;49,23;48,70;49,21;12528600
CSXu;11/01/23;32,59;32,62;32,045;32,45;10988250
CTASu;11/01/23;111,90;113,545;111,535;113,49;1768000
CTSHu;11/01/23;61,69;62,21;61,03;61,50;4884610
DLTRu;11/01/23;146,64;148,58;146,30;147,94;1969663
DXCMu;11/01/23;112,41;112,69;105,04;106,16;4429200
EAu;11/01/23;124,93;127,38;123,67;126,11;2745403
EXCu;11/01/23;43,68;44,236;43,57;44,14;5141429
FANGu;11/01/23;144,20;144,57;140,24;142,24;2199200
FASTu;11/01/23;48,81;49,30;48,59;49,10;3696300
FTNTu;11/01/23;48,84;49,06;48,15;48,80;4111100
GILDu;11/01/23;87,12;87,20;86,02;87,19;5946600
GOOGu;11/01/23;90,06;92,45;89,74;92,26;25998844
GOOGLu;11/01/23;89,18;91,60;89,01;91,52;26861968
HONu;11/01/23;211,98;212,91;210,01;212,30;2919500
IDXXu;11/01/23;472,58;482,31;461,07;463,02;766600
ILMNu;11/01/23;197,10;204,90;194,87;204,05;2489100
INTCu;11/01/23;29,68;29,88;29,00;29,85;30361500
INTUu;11/01/23;388,28;395,83;384,29;395,31;1587300
ISRGu;11/01/23;261,39;265,49;254,56;259,96;3506400
KHCu;11/01/23;42,50;42,69;42,255;42,56;8550100
KLACu;11/01/23;413,27;419,52;411,48;419,15;1230038
LINu;11/01/23;326,08;329,70;324,955;329,62;1599005
LRCXu;11/01/23;44,77;46,445;44,5725;46,43;15428810
LULUu;11/01/23;310,76;312,41;306,90;311,96;2224000
MARu;11/01/23;154,16;158,58;153,93;158,47;1712500
MCHPu;11/01/23;75,74;75,99;74,73;75,40;3997529
MDBu;11/01/23;183,10;189,18;180,02;188,82;1303821
MDLZu;11/01/23;67,57;67,82;66,94;67,57;4928700
MELIu;11/01/23;928,29;936,89;911,10;936,80;466069
METAu;11/01/23;130,96;133,84;130,35;132,89;25423046
MNSTu;11/01/23;100,96;101,79;100,08;101,69;1977627
MRNAu;11/01/23;188,57;189,65;182,668;186,64;3132500
MRVLu;11/01/23;37,308;38,51;36,95;38,42;10137147
MSFTu;11/01/23;231,29;235,95;231,11;235,77;28669332
MUu;11/01/23;57,35;58,47;56,92;58,06;12140000
NFLXu;11/01/23;326,50;328,88;321,35;327,26;9573800
NVDAu;11/01/23;15,8395;16,018;15,564;16,001;352664320
NXPIu;11/01/23;166,66;168,88;165,23;168,73;2019200
ODFLu;11/01/23;309,21;314,98;308,57;313,08;606200
ONu;11/01/23;64,46;64,85;63,08;64,63;4888000
ORLYu;11/01/23;830,24;834,59;824,07;825,50;339700
PANWu;11/01/23;135,55;137,25;134,00;136,71;3227349
PAYXu;11/01/23;118,08;119,78;117,17;119,68;1579200
PCARu;11/01/23;100,59;101,14;99,43;101,06;2252329
PEPu;11/01/23;179,39;179,71;175,68;178,05;4370110
PYPLu;11/01/23;78,67;79,19;77,82;78,54;10579561
QCOMu;11/01/23;117,44;118,50;115,17;118,39;7372000
REGNu;11/01/23;698,90;711,43;694,525;709,94;592772
ROPu;11/01/23;445,92;452,41;443,93;452,11;304100
ROSTu;11/01/23;120,04;120,27;119,02;119,54;2533900
SBUXu;11/01/23;105,81;106,44;104,86;106,30;5632400
SIRIu;11/01/23;5,94;6,00;5,905;6,00;9102702
SNPSu;11/01/23;329,60;334,88;328,94;334,35;592100
TMUSu;11/01/23;149,50;149,845;148,1223;148,80;4445236
TSLAu;11/01/23;122,09;125,95;120,51;123,22;183810768
TTWOu;11/01/23;105,98;106,925;104,41;105,26;1715657
TXNu;11/01/23;178,22;179,05;176,94;178,87;5011315
VRSKu;11/01/23;184,51;186,52;183,50;186,47;687100
VRTXu;11/01/23;289,87;292,89;286,89;292,25;1630300
WBAu;11/01/23;37,20;37,29;36,76;37,12;6098000
WDAYu;11/01/23;160,38;164,41;159,00;163,92;1915400
XELu;11/01/23;72,27;72,97;72,26;72,78;2883700
ZSu;11/01/23;105,56;108,29;103,50;108,05;2376750
CSGPu;11/01/23;78,39;80,80;78,27;80,75;2073400
AZNu;11/01/23;71,365;71,46;70,435;70,45;5861370
TEAMu;11/01/23;136,90;145,55;135,80;141,78;4067520
KDPu;11/01/23;35,94;35,98;35,525;35,77;7269676
PDDu;11/01/23;93,78;94,47;92,51;93,02;4763900
CRWDu;11/01/23;96,92;98,50;94,88;97,00;5250100
DDOGu;11/01/23;67,20;69,28;66,14;69,03;3865500
GFSu;11/01/23;55,42;57,80;54,95;57,07;1354200
CEGu;11/01/23;83,00;84,375;82,44;84,11;1696257
WBDu;11/01/23;12,88;12,95;12,38;12,60;30814100
GEHCu;11/01/23;60,44;66,38;60,075;64,99;9219400
DASHu;11/01/23;49,00;51,928;48,27;51,80;6348700
AAPLu;12/01/23;133,88;134,26;131,44;133,41;71326096
ABNBu;12/01/23;95,31;98,95;94,02;98,49;7479180
ADBEu;12/01/23;344,17;346,44;337,37;344,54;2121500
ADIu;12/01/23;170,02;170,64;167,16;168,67;2478100
ADPu;12/01/23;244,36;245,93;242,58;244,26;1170000
ADSKu;12/01/23;199,58;201,80;197,09;199,96;1246700
AEPu;12/01/23;97,58;97,84;96,25;96,41;2505500
AMATu;12/01/23;110,58;111,885;107,23;110,20;5330916
AMDu;12/01/23;70,07;71,65;67,18;70,80;70066160
AMGNu;12/01/23;271,92;272,65;268,89;270,92;1454100
AMZNu;12/01/23;96,93;97,19;93,50;95,27;85254784
ANSSu;12/01/23;252,41;253,34;248,80;251,97;376000
ASMLu;12/01/23;651,44;656,29;634,84;652,56;1321900
AVGOu;12/01/23;575,59;585,11;573,76;581,94;1950600
BIIBu;12/01/23;283,95;288,21;280,06;288,08;1218000
BKNGu;12/01/23;2225,53;2267,66;2214,65;2256,77;292100
BKRu;12/01/23;30,82;31,89;30,68;31,50;5541400
CDNSu;12/01/23;168,17;168,66;164,85;168,06;1039200
CDWu;12/01/23;190,89;193,605;189,28;193,39;676344
CHTRu;12/01/23;380,61;388,57;377,76;385,47;1207700
CMCSAu;12/01/23;37,86;38,73;37,71;38,69;20376400
COSTu;12/01/23;484,99;485,00;478,75;482,43;1627300
CPRTu;12/01/23;62,28;62,64;61,42;62,56;2061000
CSCOu;12/01/23;49,21;49,43;48,85;49,00;14241100
CSXu;12/01/23;32,43;32,70;32,25;32,49;10568700
CTASu;12/01/23;112,935;113,2625;110,3775;111,5575;1647200
CTSHu;12/01/23;62,20;67,41;62,115;65,10;11756219
DLTRu;12/01/23;147,94;148,27;144,87;146,62;1592500
DXCMu;12/01/23;105,44;108,48;103,67;107,14;2878600
EAu;12/01/23;125,81;126,50;123,62;126,42;1999500
EXCu;12/01/23;44,01;44,095;43,29;43,38;6930219
FANGu;12/01/23;142,55;146,73;142,55;145,33;1959906
FASTu;12/01/23;49,10;49,42;48,25;49,02;3717800
FTNTu;12/01/23;48,13;48,64;47,19;48,40;4931900
GILDu;12/01/23;86,50;86,59;85,08;85,72;6013291
GOOGu;12/01/23;92,40;92,62;90,57;91,91;22754216
GOOGLu;12/01/23;91,48;91,87;89,75;91,13;30258136
HONu;12/01/23;212,85;217,22;212,38;215,98;2964200
IDXXu;12/01/23;461,33;470,72;454,52;469,71;376700
ILMNu;12/01/23;203,27;203,67;190,07;193,75;2484000
INTCu;12/01/23;29,98;30,38;29,47;30,29;28949300
INTUu;12/01/23;398,27;398,27;386,03;396,70;1099000
ISRGu;12/01/23;258,74;260,35;254,98;256,94;1925100
KHCu;12/01/23;42,60;42,715;42,2699;42,43;7034671
KLACu;12/01/23;419,15;422,70;407,48;419,07;1505300
LINu;12/01/23;328,21;329,60;325,835;328,91;1277404
LRCXu;12/01/23;46,999;47,553;45,34;47,004;14299000
LULUu;12/01/23;311,96;316,85;306,86;314,99;1587300
MARu;12/01/23;158,37;160,59;157,68;159,99;1627000
MCHPu;12/01/23;75,67;75,91;73,98;75,24;3370500
MDBu;12/01/23;188,82;190,90;183,205;190,61;1258972
MDLZu;12/01/23;67,41;67,53;66,56;66,76;4945800
MELIu;12/01/23;983,00;1033,79;933,57;1024,31;1132200
METAu;12/01/23;133,44;137,6781;131,76;136,71;30757732
MNSTu;12/01/23;101,62;101,62;99,80;100,04;2008300
MRNAu;12/01/23;186,54;189,29;179,15;188,06;3881563
MRVLu;12/01/23;38,36;40,14;37,42;39,31;14712600
MSFTu;12/01/23;235,26;239,90;233,56;238,51;27248100
MUu;12/01/23;58,11;58,24;56,43;57,27;14888081
NFLXu;12/01/23;332,50;332,95;323,14;330,13;10852300
NVDAu;12/01/23;16,10;16,636;15,492;16,511;550090080
NXPIu;12/01/23;170,09;171,87;167,39;170,21;1705000
ODFLu;12/01/23;311,23;313,98;306,10;313,25;506300
ONu;12/01/23;65,00;65,60;63,29;64,93;4804600
ORLYu;12/01/23;826,14;826,14;808,81;810,85;517900
PANWu;12/01/23;135,73;137,16;132,22;136,60;3822347
PAYXu;12/01/23;119,49;120,09;118,75;119,85;1373000
PCARu;12/01/23;100,47;101,90;100,27;101,39;1938400
PEPu;12/01/23;177,66;178,37;175,32;175,78;4246606
PYPLu;12/01/23;79,01;80,30;77,10;79,78;9381907
QCOMu;12/01/23;119,24;122,38;117,65;121,59;9525400
REGNu;12/01/23;707,00;715,79;697,13;714,57;538800
ROPu;12/01/23;451,29;453,43;445,26;451,23;345900
ROSTu;12/01/23;119,48;119,58;117,95;118,75;2747100
SBUXu;12/01/23;106,29;106,44;105,17;105,85;4881100
SIRIu;12/01/23;5,97;6,00;5,90;5,96;10547370
SNPSu;12/01/23;335,00;336,49;328,41;333,10;535300
TMUSu;12/01/23;147,77;150,09;146,55;149,91;3954608
TSLAu;12/01/23;122,56;124,1311;117,00;123,56;169400912
TTWOu;12/01/23;104,91;105,06;101,53;104,29;1775100
TXNu;12/01/23;179,72;181,16;176,99;178,13;4324833
VRSKu;12/01/23;186,18;186,80;181,75;182,96;657900
VRTXu;12/01/23;290,22;296,28;288,72;296,25;1801100
WBAu;12/01/23;37,30;37,41;36,62;36,66;6053100
WDAYu;12/01/23;163,58;164,08;158,74;163,59;2035446
XELu;12/01/23;72,63;72,92;71,78;71,95;3099400
ZSu;12/01/23;103,73;105,08;99,64;104,66;5217518
CSGPu;12/01/23;80,33;80,51;79,30;80,32;1668900
AZNu;12/01/23;69,82;70,37;68,43;70,08;6749729
TEAMu;12/01/23;141,07;147,34;139,07;146,48;2519618
KDPu;12/01/23;35,64;35,75;35,29;35,57;5248640
PDDu;12/01/23;92,88;94,58;91,76;93,46;5396400
CRWDu;12/01/23;97,06;98,05;92,71;97,98;4804800
DDOGu;12/01/23;69,79;69,79;65,84;69,21;4390800
GFSu;12/01/23;57,00;58,44;55,53;58,29;1250500
CEGu;12/01/23;83,88;84,80;82,77;84,34;1496701
WBDu;12/01/23;12,78;13,28;12,50;13,15;28005800
GEHCu;12/01/23;66,09;66,52;63,66;65,65;5819800
DASHu;12/01/23;53,00;53,28;49,45;52,03;3714100
AAPLu;13/01/23;132,03;134,92;131,66;134,76;57758000
ABNBu;13/01/23;97,50;100,69;97,48;100,37;6507361
ADBEu;13/01/23;340,25;344,65;335,50;344,38;2581900
ADIu;13/01/23;167,50;169,425;166,42;168,98;1891182
ADPu;13/01/23;243,80;246,67;242,68;245,36;1712832
ADSKu;13/01/23;197,06;201,04;197,06;200,59;961000
AEPu;13/01/23;95,65;95,85;94,67;94,84;3709400
AMATu;13/01/23;107,53;110,20;107,44;109,97;5641571
AMDu;13/01/23;69,84;71,10;69,23;71,00;45630056
AMGNu;13/01/23;270,94;272,2307;270,20;271,73;1696829
AMZNu;13/01/23;94,18;98,37;94,12;98,12;85549432
ANSSu;13/01/23;249,00;254,25;248,55;254,10;319437
ASMLu;13/01/23;649,33;660,74;648,73;659,69;648900
AVGOu;13/01/23;577,15;581,93;576,67;579,00;1964700
BIIBu;13/01/23;286,99;289,51;285,15;288,04;1008000
BKNGu;13/01/23;2223,35;2302,013;2222,16;2301,34;290658
BKRu;13/01/23;31,42;31,68;30,84;31,63;4520900
CDNSu;13/01/23;166,00;169,37;166,00;169,26;1021092
CDWu;13/01/23;192,01;195,30;192,00;194,85;713700
CHTRu;13/01/23;383,97;389,96;383,67;388,47;780700
CMCSAu;13/01/23;38,70;39,06;38,47;38,93;14155700
COSTu;13/01/23;480,89;485,59;479,00;485,25;1405600
CPRTu;13/01/23;62,54;62,99;62,24;62,82;1136679
CSCOu;13/01/23;48,56;49,02;48,42;48,88;12649300
CSXu;13/01/23;32,26;32,475;32,08;32,42;7459801
CTASu;13/01/23;111,475;112,3175;110,8575;112,23;1840400
CTSHu;13/01/23;64,39;65,095;63,71;64,06;5249515
DLTRu;13/01/23;146,47;147,95;146,07;147,26;1239200
DXCMu;13/01/23;106,16;108,60;105,19;108,47;2327667
EAu;13/01/23;126,23;126,79;124,85;125,46;1469500
EXCu;13/01/23;43,13;43,54;42,89;43,38;5776500
FANGu;13/01/23;145,54;146,00;143,87;145,24;1526300
FASTu;13/01/23;48,64;48,88;48,14;48,82;2342800
FTNTu;13/01/23;46,25;49,04;45,88;48,87;6281300
GILDu;13/01/23;85,54;86,30;85,33;86,27;5305000
GOOGu;13/01/23;91,528;92,98;90,93;92,80;18630708
GOOGLu;13/01/23;90,85;92,19;90,1299;92,12;26329212
HONu;13/01/23;214,49;216,83;212,895;216,61;1997090
IDXXu;13/01/23;466,69;480,74;464,30;479,08;484100
ILMNu;13/01/23;191,71;201,64;191,22;201,11;1164400
INTCu;13/01/23;29,97;30,17;29,81;30,11;31346800
INTUu;13/01/23;390,00;394,63;386,46;393,21;1311100
ISRGu;13/01/23;255,40;259,80;253,78;258,90;1715878
KHCu;13/01/23;42,23;42,56;42,19;42,42;5982500
KLACu;13/01/23;415,79;421,15;412,445;420,04;1615084
LINu;13/01/23;330,00;334,72;330,00;334,11;1876470
LRCXu;13/01/23;46,23;47,474;46,23;47,367;12025930
LULUu;13/01/23;311,17;315,74;310,25;315,47;1541700
MARu;13/01/23;159,59;162,11;159,18;161,78;1532600
MCHPu;13/01/23;74,77;75,07;73,91;74,92;4004200
MDBu;13/01/23;187,15;198,45;186,05;197,53;1494185
MDLZu;13/01/23;66,59;67,11;66,22;67,06;4711400
MELIu;13/01/23;1011,15;1091,85;1011,00;1082,92;1237100
METAu;13/01/23;134,97;137,39;134,835;136,98;22403378
MNSTu;13/01/23;99,532;102,18;99,532;102,08;2000217
MRNAu;13/01/23;185,08;192,12;185,05;192,00;3226700
MRVLu;13/01/23;38,65;40,76;38,52;40,67;11867900
MSFTu;13/01/23;237,00;239,37;234,92;239,23;21317700
MUu;13/01/23;56,73;56,97;56,12;56,93;12514000
NFLXu;13/01/23;329,97;336,65;328,89;332,82;8277200
NVDAu;13/01/23;16,278;16,922;16,165;16,899;446935000
NXPIu;13/01/23;168,62;171,95;168,22;171,82;2006400
ODFLu;13/01/23;309,05;316,56;309,05;315,35;676400
ONu;13/01/23;64,40;65,22;63,28;65,15;3407300
ORLYu;13/01/23;806,26;816,97;806,01;815,47;325000
PANWu;13/01/23;134,54;139,18;134,54;138,86;4368900
PAYXu;13/01/23;119,66;120,69;119,28;120,31;1237700
PCARu;13/01/23;100,88;102,78;100,56;102,67;1702821
PEPu;13/01/23;175,40;175,73;174,165;175,24;4720397
PYPLu;13/01/23;78,525;79,809;78,03;79,48;8621300
QCOMu;13/01/23;119,82;121,42;119,72;120,24;8038400
REGNu;13/01/23;714,67;724,99;709,58;722,13;489500
ROPu;13/01/23;447,65;452,035;444,93;450,98;264712
ROSTu;13/01/23;118,51;120,13;118,14;120,01;2339400
SBUXu;13/01/23;105,07;107,30;105,07;107,23;5527500
SIRIu;13/01/23;5,94;5,96;5,89;5,96;8347917
SNPSu;13/01/23;330,06;333,78;327,56;332,97;550741
TMUSu;13/01/23;149,91;150,50;148,26;149,68;6543839
TSLAu;13/01/23;116,55;122,63;115,60;122,40;180714112
TTWOu;13/01/23;103,41;105,09;103,06;105,03;1437700
TXNu;13/01/23;177,07;179,08;176,31;179,01;3734553
VRSKu;13/01/23;182,25;184,32;182,04;183,95;493000
VRTXu;13/01/23;296,39;301,26;295,58;300,94;1448300
WBAu;13/01/23;36,58;36,83;36,12;36,78;4177200
WDAYu;13/01/23;163,02;167,99;162,61;167,15;2042000
XELu;13/01/23;71,61;71,79;70,73;71,17;2624200
ZSu;13/01/23;102,61;107,59;102,61;107,30;3053677
CSGPu;13/01/23;80,29;81,13;79,85;81,05;985600
AZNu;13/01/23;70,97;71,525;70,76;71,08;4036863
TEAMu;13/01/23;143,90;148,83;143,00;148,00;1820555
KDPu;13/01/23;35,52;35,72;35,35;35,69;5821170
PDDu;13/01/23;94,30;99,16;94,30;97,00;6828900
CRWDu;13/01/23;96,43;99,93;96,13;99,53;4206200
DDOGu;13/01/23;67,75;70,65;67,43;70,47;2926300
GFSu;13/01/23;58,00;59,18;57,74;59,14;1108100
CEGu;13/01/23;83,81;85,705;83,45;85,16;1366233
WBDu;13/01/23;12,96;13,16;12,91;13,14;16140700
GEHCu;13/01/23;65,00;65,50;63,74;65,44;3771800
DASHu;13/01/23;50,75;52,91;50,58;52,34;2709200
AAPLu;17/01/23;134,83;137,29;134,13;135,94;63502900
ABNBu;17/01/23;99,915;102,735;99,10;101,27;5260932
ADBEu;17/01/23;344,38;350,79;341,97;344,38;2512300
ADIu;17/01/23;167,91;169,17;166,05;166,91;3320200
ADPu;17/01/23;243,79;244,35;236,14;236,78;2972500
ADSKu;17/01/23;200,14;202,61;199,46;200,70;1194100
AEPu;17/01/23;94,78;95,50;94,32;94,86;2575400
AMATu;17/01/23;109,405;110,63;107,78;109,41;4848070
AMDu;17/01/23;70,87;72,66;70,653;71,59;42621340
AMGNu;17/01/23;272,20;273,83;268,83;269,42;2470900
AMZNu;17/01/23;98,68;98,89;95,73;96,05;72755000
ANSSu;17/01/23;254,06;257,45;252,33;252,68;469000
ASMLu;17/01/23;651,10;662,98;651,10;658,19;902300
AVGOu;17/01/23;574,90;585,36;574,54;579,24;1573400
BIIBu;17/01/23;287,32;290,13;286,33;289,59;1167200
BKNGu;17/01/23;2297,91;2336,33;2297,91;2334,02;344000
BKRu;17/01/23;31,61;31,82;31,32;31,48;5928300
CDNSu;17/01/23;171,79;174,52;169,41;172,97;2034200
CDWu;17/01/23;195,15;198,28;194,03;197,62;1108177
CHTRu;17/01/23;385,89;390,98;383,77;388,35;908000
CMCSAu;17/01/23;38,99;39,04;38,44;38,94;18353900
COSTu;17/01/23;485,13;490,48;484,37;486,77;1538000
CPRTu;17/01/23;62,71;63,20;61,89;63,10;1831200
CSCOu;17/01/23;48,92;48,94;47,95;48,08;19289300
CSXu;17/01/23;32,57;32,87;32,24;32,60;13345300
CTASu;17/01/23;111,945;113,3725;111,0825;111,22;1567600
CTSHu;17/01/23;63,99;64,06;62,88;62,96;5486035
DLTRu;17/01/23;146,86;147,85;145,92;147,73;1500978
DXCMu;17/01/23;107,17;109,63;106,05;109,51;1590700
EAu;17/01/23;124,65;125,13;123,32;123,70;1999300
EXCu;17/01/23;43,24;43,48;42,98;43,16;4599700
FANGu;17/01/23;146,17;147,28;145,37;145,73;1739724
FASTu;17/01/23;48,87;49,09;48,07;48,22;4039900
FTNTu;17/01/23;48,76;50,45;48,43;50,10;5436000
GILDu;17/01/23;86,05;86,365;85,36;85,41;5959790
GOOGu;17/01/23;92,78;92,97;90,84;92,16;22935824
GOOGLu;17/01/23;92,06;92,25;90,05;91,29;32602424
HONu;17/01/23;217,02;217,02;211,93;212,24;3281300
IDXXu;17/01/23;473,02;483,62;469,41;480,19;436700
ILMNu;17/01/23;200,68;206,71;198,52;206,44;1273800
INTCu;17/01/23;30,18;30,26;29,52;29,60;34561600
INTUu;17/01/23;392,00;395,29;386,75;390,20;1658400
ISRGu;17/01/23;258,48;261,97;254,86;261,73;1595300
KHCu;17/01/23;42,36;42,62;42,23;42,33;9789400
KLACu;17/01/23;417,73;420,53;413,69;415,95;1046200
LINu;17/01/23;335,49;336,31;329,82;330,00;1711286
LRCXu;17/01/23;46,991;47,367;46,339;47,099;9474000
LULUu;17/01/23;314,00;324,19;313,15;323,82;1490300
MARu;17/01/23;161,28;162,57;160,44;160,99;2570000
MCHPu;17/01/23;74,87;75,77;73,58;74,49;3030000
MDBu;17/01/23;195,11;206,82;192,665;202,84;1397001
MDLZu;17/01/23;67,18;67,50;66,93;67,02;6245300
MELIu;17/01/23;1081,27;1089,00;1046,86;1070,00;589900
METAu;17/01/23;136,176;136,75;134,32;135,36;21147588
MNSTu;17/01/23;102,75;103,71;102,00;102,17;2790400
MRNAu;17/01/23;187,895;194,63;187,64;190,69;3654100
MRVLu;17/01/23;40,62;41,16;40,03;41,03;13028900
MSFTu;17/01/23;237,97;240,91;237,09;240,35;29781200
MUu;17/01/23;57,16;58,60;56,55;56,85;10960600
NFLXu;17/01/23;331,08;332,50;323,60;326,22;9221800
NVDAu;17/01/23;16,899;17,728;16,899;17,702;510199000
NXPIu;17/01/23;170,71;170,78;167,79;170,33;1989700
ODFLu;17/01/23;317,99;319,50;312,29;314,58;690200
ONu;17/01/23;65,29;66,73;64,57;65,87;3902000
ORLYu;17/01/23;816,29;821,64;807,55;809,74;299900
PANWu;17/01/23;137,21;142,67;137,11;142,00;5217700
PAYXu;17/01/23;118,89;120,11;117,94;118,42;2157200
PCARu;17/01/23;103,00;103,28;101,53;101,61;2150500
PEPu;17/01/23;176,15;177,5525;175,49;176,06;5032644
PYPLu;17/01/23;80,14;80,665;78,88;80,18;11257100
QCOMu;17/01/23;119,74;121,32;119,02;120,28;6177500
REGNu;17/01/23;722,13;731,35;714,11;728,11;641000
ROPu;17/01/23;450,98;452,18;443,69;445,06;512300
ROSTu;17/01/23;119,92;120,01;119,04;119,76;1708200
SBUXu;17/01/23;106,95;107,60;106,31;106,75;7476400
SIRIu;17/01/23;5,95;6,00;5,92;5,98;8287241
SNPSu;17/01/23;334,08;339,64;331,03;337,30;653900
TMUSu;17/01/23;149,18;149,18;146,64;146,98;5482000
TSLAu;17/01/23;125,695;131,70;125,02;131,49;186476992
TTWOu;17/01/23;105,03;105,64;103,25;104,54;1438900
TXNu;17/01/23;178,80;179,82;175,30;175,40;5659100
VRSKu;17/01/23;182,91;183,64;181,14;181,57;829200
VRTXu;17/01/23;303,49;312,35;302,62;311,98;2070700
WBAu;17/01/23;36,90;36,90;36,16;36,33;6818600
WDAYu;17/01/23;163,49;168,68;162,74;166,69;2655200
XELu;17/01/23;70,99;71,67;70,69;71,09;2838600
ZSu;17/01/23;105,19;115,01;104,3401;113,51;4049806
CSGPu;17/01/23;81,11;81,15;79,52;79,62;1671300
AZNu;17/01/23;71,62;71,64;70,6425;70,74;3992357
TEAMu;17/01/23;147,50;154,36;144,26;152,91;1877883
KDPu;17/01/23;35,87;36,09;35,645;35,73;7441891
PDDu;17/01/23;94,51;95,26;92,76;94,85;7233400
CRWDu;17/01/23;100,40;105,759;98,13;104,43;6653500
DDOGu;17/01/23;70,19;73,73;68,80;73,06;3851200
GFSu;17/01/23;58,405;59,30;58,02;59,04;1335400
CEGu;17/01/23;83,93;85,02;83,00;83,37;2763605
WBDu;17/01/23;13,06;13,33;12,83;13,23;18142600
GEHCu;17/01/23;63,94;65,73;63,26;63,33;3774600
DASHu;17/01/23;53,09;55,53;52,145;54,47;4506100
AAPLu;18/01/23;136,815;138,61;135,03;135,21;69459808
ABNBu;18/01/23;101,41;103,8001;100,32;101,11;6057384
ADBEu;18/01/23;345,01;349,24;338,40;341,31;2079800
ADIu;18/01/23;168,53;169,38;165,90;166,00;2627740
ADPu;18/01/23;237,69;237,84;234,21;234,25;2095656
ADSKu;18/01/23;201,38;205,47;197,67;198,02;1117900
AEPu;18/01/23;95,12;95,21;92,36;92,45;3758900
AMATu;18/01/23;110,76;112,39;109,58;109,70;5374108
AMDu;18/01/23;71,87;72,78;70,50;70,53;39421772
AMGNu;18/01/23;269,42;270,52;263,655;264,385;2218052
AMZNu;18/01/23;97,25;99,32;95,38;95,46;79463000
ANSSu;18/01/23;255,64;258,86;251,19;251,66;476643
ASMLu;18/01/23;673,52;676,11;651,54;652,29;1151000
AVGOu;18/01/23;583,21;587,56;573,72;574,29;1570300
BIIBu;18/01/23;290,58;291,91;282,65;283,47;1322000
BKNGu;18/01/23;2360,00;2374,72;2293,44;2296,45;306921
BKRu;18/01/23;31,85;32,17;30,65;30,69;7126900
CDNSu;18/01/23;174,40;177,60;172,21;172,46;1445619
CDWu;18/01/23;199,00;200,96;197,39;198,09;1370244
CHTRu;18/01/23;386,30;390,98;381,25;381,86;1166200
CMCSAu;18/01/23;38,865;39,13;38,17;38,28;18201810
COSTu;18/01/23;484,81;488,8143;478,52;479,47;1925470
CPRTu;18/01/23;63,60;64,15;62,46;62,53;1565571
CSCOu;18/01/23;48,19;48,27;46,89;46,90;19879400
CSXu;18/01/23;32,57;33,04;32,22;32,23;11655564
CTASu;18/01/23;112,0575;112,7775;109,4575;109,5525;1751600
CTSHu;18/01/23;63,00;63,28;60,84;60,99;5985462
DLTRu;18/01/23;147,97;148,55;144,25;144,35;1659500
DXCMu;18/01/23;109,95;110,26;106,54;106,63;2004900
EAu;18/01/23;123,77;124,65;122,53;123,71;1831068
EXCu;18/01/23;43,16;43,25;42,13;42,23;4586945
FANGu;18/01/23;146,44;149,64;143,91;144,10;2183511
FASTu;18/01/23;48,22;48,80;47,50;47,54;5291950
FTNTu;18/01/23;50,68;51,52;48,31;48,38;4894771
GILDu;18/01/23;85,02;85,13;83,60;83,74;6373900
GOOGu;18/01/23;92,94;93,588;91,40;91,78;19641622
GOOGLu;18/01/23;92,14;92,7999;90,64;91,12;29116692
HONu;18/01/23;210,89;210,89;203,98;204,24;5101100
IDXXu;18/01/23;485,83;494,40;480,33;481,32;525100
ILMNu;18/01/23;207,59;212,44;204,49;205,84;981500
INTCu;18/01/23;29,80;29,815;28,63;28,81;44199580
INTUu;18/01/23;392,10;401,315;385,64;386,07;1603307
ISRGu;18/01/23;261,57;264,89;255,61;256,35;1641536
KHCu;18/01/23;42,11;42,20;39,56;39,66;20037552
KLACu;18/01/23;422,21;428,28;414,77;415,06;1183573
LINu;18/01/23;333,50;333,95;324,18;324,34;2934678
LRCXu;18/01/23;47,718;48,329;46,652;46,689;11939120
LULUu;18/01/23;324,85;327,76;317,17;318,07;1284100
MARu;18/01/23;162,30;163,75;159,70;159,79;2188000
MCHPu;18/01/23;75,38;76,08;73,83;73,90;4412700
MDBu;18/01/23;206,90;212,10;199,89;200,84;1337487
MDLZu;18/01/23;66,73;66,84;64,43;64,57;6751700
MELIu;18/01/23;1082,12;1108,60;1049,86;1068,92;793800
METAu;18/01/23;135,81;137,25;132,80;133,02;20153606
MNSTu;18/01/23;102,85;103,15;100,45;100,74;3091966
MRNAu;18/01/23;200,322;207,51;195,02;197,02;11051700
MRVLu;18/01/23;41,49;41,91;40,03;40,49;7443600
MSFTu;18/01/23;241,57;242,38;235,52;235,81;30004400
MUu;18/01/23;57,51;58,05;56,36;56,51;10026600
NFLXu;18/01/23;326,75;330,0646;321,25;326,33;7814115
NVDAu;18/01/23;17,667;17,873;17,282;17,377;439623560
NXPIu;18/01/23;172,42;175,30;170,54;170,68;1565800
ODFLu;18/01/23;316,48;329,77;315,44;315,66;866000
ONu;18/01/23;67,34;68,52;66,11;66,33;5834299
ORLYu;18/01/23;807,40;814,81;803,805;805,08;351911
PANWu;18/01/23;143,76;145,29;141,18;141,68;4433700
PAYXu;18/01/23;118,64;119,27;117,17;117,23;1809800
PCARu;18/01/23;102,05;102,55;99,62;99,74;2360350
PEPu;18/01/23;175,24;175,7384;171,33;171,62;5032620
PYPLu;18/01/23;79,80;80,75;77,121;77,31;13592700
QCOMu;18/01/23;121,62;123,99;121,01;122,04;10947900
REGNu;18/01/23;725,17;729,33;722,22;724,55;487500
ROPu;18/01/23;448,14;448,72;436,765;437,81;479936
ROSTu;18/01/23;119,98;120,15;117,30;117,38;1761800
SBUXu;18/01/23;107,14;107,47;104,91;105,00;5722100
SIRIu;18/01/23;5,985;5,99;5,83;5,84;18282684
SNPSu;18/01/23;339,46;346,10;335,24;335,66;587100
TMUSu;18/01/23;146,13;147,74;145,51;145,90;4316321
TSLAu;18/01/23;136,555;136,68;127,01;128,78;195680320
TTWOu;18/01/23;104,54;105,75;103,05;103,22;1274500
TXNu;18/01/23;176,37;177,29;173,64;173,76;5874261
VRSKu;18/01/23;181,95;183,66;179,89;180,69;662500
VRTXu;18/01/23;311,80;312,66;307,06;309,86;2264900
WBAu;18/01/23;36,43;36,435;35,42;35,61;7128420
WDAYu;18/01/23;167,95;170,17;164,14;164,29;1867900
XELu;18/01/23;71,09;71,13;68,64;68,76;2842400
ZSu;18/01/23;115,41;118,88;112,645;113,03;3121311
CSGPu;18/01/23;80,27;80,42;77,83;78,08;1549000
AZNu;18/01/23;71,70;71,94;70,83;70,89;6561603
TEAMu;18/01/23;155,24;157,6299;147,2701;148,73;1766020
KDPu;18/01/23;35,74;35,78;34,83;34,93;6287013
PDDu;18/01/23;96,11;97,58;89,36;89,55;10715100
CRWDu;18/01/23;106,665;107,40;100,90;101,00;5224100
DDOGu;18/01/23;74,46;74,79;69,62;69,70;3478900
GFSu;18/01/23;59,72;60,43;57,855;58,10;1371800
CEGu;18/01/23;83,32;84,51;81,77;81,85;2084850
WBDu;18/01/23;13,23;13,25;12,49;12,59;21307800
GEHCu;18/01/23;63,20;63,50;61,99;62,08;2610300
DASHu;18/01/23;55,53;57,53;55,04;55,31;5267200
AAPLu;19/01/23;134,08;136,25;133,77;135,27;58169700
ABNBu;19/01/23;99,84;100,52;97,57;99,10;4995600
ADBEu;19/01/23;340,56;346,73;340,01;342,53;2466300
ADIu;19/01/23;165,56;165,64;162,10;163,13;3082000
ADPu;19/01/23;232,80;234,93;232,20;233,32;1646100
ADSKu;19/01/23;195,68;199,25;195,65;196,05;987400
AEPu;19/01/23;92,30;92,66;91,51;91,63;1778500
AMATu;19/01/23;109,49;109,64;106,09;106,16;5325095
AMDu;19/01/23;68,975;69,2536;67,265;67,71;47065036
AMGNu;19/01/23;262,00;263,52;260,93;262,03;2090500
AMZNu;19/01/23;94,74;95,44;92,86;93,68;69002664
ANSSu;19/01/23;249,37;252,67;248,22;248,40;334100
ASMLu;19/01/23;654,61;655,68;627,02;630,25;1532900
AVGOu;19/01/23;569,12;570,06;560,31;563,22;2269200
BIIBu;19/01/23;281,40;284,36;280,13;280,13;617300
BKNGu;19/01/23;2270,00;2322,34;2268,36;2315,40;284200
BKRu;19/01/23;30,56;30,77;29,91;30,49;5957200
CDNSu;19/01/23;171,64;173,43;171,23;171,95;1549000
CDWu;19/01/23;197,32;198,225;195,74;197,29;1432417
CHTRu;19/01/23;379,09;385,01;373,85;384,20;1317200
CMCSAu;19/01/23;38,24;38,37;37,77;38,14;16010300
COSTu;19/01/23;476,24;477,56;468,07;469,49;1917900
CPRTu;19/01/23;62,29;62,86;61,44;61,51;1564500
CSCOu;19/01/23;46,95;47,05;46,39;46,46;19117600
CSXu;19/01/23;31,96;32,08;31,52;31,55;10023700
CTASu;19/01/23;109,175;109,8075;106,8275;106,8975;1399600
CTSHu;19/01/23;60,52;61,71;60,29;61,37;4856948
DLTRu;19/01/23;142,37;144,34;140,69;142,81;3257000
DXCMu;19/01/23;106,00;107,67;105,96;106,20;2723800
EAu;19/01/23;123,71;124,14;122,77;123,72;1723220
EXCu;19/01/23;42,18;42,25;41,68;42,04;5570900
FANGu;19/01/23;143,23;146,901;141,81;146,43;1808147
FASTu;19/01/23;47,45;48,58;45,70;46,80;8395100
FTNTu;19/01/23;48,11;49,02;47,78;48,42;4631900
GILDu;19/01/23;84,17;84,58;83,25;83,62;6922100
GOOGu;19/01/23;91,39;94,40;91,38;93,91;28707652
GOOGLu;19/01/23;90,72;93,605;90,63;93,05;37000396
HONu;19/01/23;204,30;204,38;200,22;200,66;4549100
IDXXu;19/01/23;475,50;479,74;468,18;475,13;338200
ILMNu;19/01/23;204,88;206,49;196,22;196,38;1082900
INTCu;19/01/23;28,61;28,76;28,24;28,42;36868900
INTUu;19/01/23;383,14;388,97;378,22;378,60;1082000
ISRGu;19/01/23;254,84;255,68;250,62;252,50;1756600
KHCu;19/01/23;39,66;40,34;39,642;40,04;9779400
KLACu;19/01/23;410,92;414,81;401,84;402,10;1409800
LINu;19/01/23;324,00;325,51;321,46;324,54;1862124
LRCXu;19/01/23;46,23;46,477;45,365;45,389;10877000
LULUu;19/01/23;316,01;316,84;306,70;307,94;1519000
MARu;19/01/23;158,44;161,94;158,25;161,03;2184900
MCHPu;19/01/23;73,52;73,67;71,41;71,75;4882300
MDBu;19/01/23;197,00;198,87;188,78;189,31;1518074
MDLZu;19/01/23;64,41;64,81;63,75;63,84;5933700
MELIu;19/01/23;1045,37;1085,00;1040,47;1072,74;769400
METAu;19/01/23;132,49;137,44;132,14;136,15;28625232
MNSTu;19/01/23;101,24;101,36;99,56;99,86;2181800
MRNAu;19/01/23;196,21;197,31;190,32;190,38;4271300
MRVLu;19/01/23;39,98;40,23;38,54;38,57;10528000
MSFTu;19/01/23;233,78;235,52;230,68;231,93;28608400
MUu;19/01/23;55,71;57,09;55,28;56,36;12031300
NFLXu;19/01/23;322,57;324,89;313,39;315,78;17669600
NVDAu;19/01/23;17,036;17,197;16,731;16,765;452501000
NXPIu;19/01/23;168,80;169,26;164,86;165,00;2163200
ODFLu;19/01/23;311,81;317,97;310,29;310,74;735900
ONu;19/01/23;65,72;65,88;63,20;63,49;5880400
ORLYu;19/01/23;806,75;812,03;792,49;793,73;348200
PANWu;19/01/23;140,81;142,92;140,16;140,71;2632480
PAYXu;19/01/23;116,91;117,20;115,41;115,52;1122000
PCARu;19/01/23;99,52;99,52;97,17;98,01;2096100
PEPu;19/01/23;171,28;172,17;169,4775;169,63;4720383
PYPLu;19/01/23;76,2605;77,42;75,96;76,75;10023405
QCOMu;19/01/23;121,06;121,10;117,42;117,58;8710400
REGNu;19/01/23;729,39;730,00;715,41;715,57;583800
ROPu;19/01/23;435,81;439,09;432,18;432,18;463200
ROSTu;19/01/23;116,39;116,94;115,67;115,75;1618800
SBUXu;19/01/23;105,00;105,70;104,24;104,26;5115100
SIRIu;19/01/23;5,82;5,84;5,78;5,79;12454973
SNPSu;19/01/23;331,83;337,55;330,44;331,28;630700
TMUSu;19/01/23;145,18;145,67;143,66;145,14;5343300
TSLAu;19/01/23;127,26;129,99;124,3082;127,17;170291872
TTWOu;19/01/23;103,00;103,44;101,77;102,26;1163700
TXNu;19/01/23;173,38;173,73;169,62;170,93;5994400
VRSKu;19/01/23;179,67;180,67;177,69;178,31;792300
VRTXu;19/01/23;310,03;311,54;302,52;307,94;1551500
WBAu;19/01/23;35,60;35,75;35,35;35,41;6164600
WDAYu;19/01/23;163,50;169,00;163,50;167,54;1994400
XELu;19/01/23;68,67;68,81;67,89;68,00;2117400
ZSu;19/01/23;111,21;112,99;108,72;110,37;1896895
CSGPu;19/01/23;77,32;78,27;76,53;76,62;1489300
AZNu;19/01/23;70,58;70,955;70,27;70,49;7277290
TEAMu;19/01/23;147,34;150,9099;145,83;148,89;1632731
KDPu;19/01/23;34,85;34,92;34,345;34,36;11358309
PDDu;19/01/23;91,85;92,96;90,22;90,22;5944500
CRWDu;19/01/23;99,31;101,79;98,20;99,85;4737500
DDOGu;19/01/23;69,23;70,02;66,85;67,43;3626700
GFSu;19/01/23;57,01;57,60;55,50;55,55;1222900
CEGu;19/01/23;81,60;81,79;80,755;80,84;1635622
WBDu;19/01/23;12,45;12,56;11,91;12,47;20111300
GEHCu;19/01/23;61,33;64,50;61,30;63,94;2585600
DASHu;19/01/23;54,07;55,155;53,01;54,65;2996600
AAPLu;20/01/23;135,28;138,02;134,22;137,87;79972200
ABNBu;20/01/23;99,01;101,37;98,111;101,28;5101900
ADBEu;20/01/23;343,27;357,42;342,76;356,38;3143200
ADIu;20/01/23;163,82;165,24;161,045;165,17;3841850
ADPu;20/01/23;232,50;237,71;232,26;237,17;1714502
ADSKu;20/01/23;198,24;206,73;198,20;205,90;1248100
AEPu;20/01/23;91,24;92,84;90,09;92,17;3119800
AMATu;20/01/23;106,80;109,775;106,4896;109,65;5078502
AMDu;20/01/23;68,01;70,13;67,45;70,07;47757592
AMGNu;20/01/23;262,03;263,84;259,87;263,24;2574116
AMZNu;20/01/23;93,86;97,354;93,2025;97,25;67481536
ANSSu;20/01/23;248,09;257,37;248,00;256,42;384059
ASMLu;20/01/23;638,09;650,60;634,20;648,85;1033200
AVGOu;20/01/23;563,03;571,36;559,11;570,78;2292300
BIIBu;20/01/23;282,36;286,40;280,28;285,77;1101500
BKNGu;20/01/23;2327,12;2350,49;2320,28;2344,29;303671
BKRu;20/01/23;30,35;31,16;30,14;31,07;10386000
CDNSu;20/01/23;171,69;178,95;171,68;178,26;1768500
CDWu;20/01/23;197,16;199,11;196,76;198,76;1139300
CHTRu;20/01/23;382,80;400,15;382,44;396,11;1999900
CMCSAu;20/01/23;38,24;39,45;37,97;39,37;22586000
COSTu;20/01/23;473,92;480,32;469,47;480,11;2583000
CPRTu;20/01/23;61,51;63,62;61,03;63,48;1637600
CSCOu;20/01/23;46,06;46,83;45,67;46,78;21842200
CSXu;20/01/23;31,50;32,03;31,26;32,01;24036102
CTASu;20/01/23;106,275;109,43;105,765;109,1375;1577600
CTSHu;20/01/23;61,77;63,08;61,39;62,74;10647343
DLTRu;20/01/23;142,06;148,49;141,56;147,79;2858000
DXCMu;20/01/23;106,20;108,00;104,99;107,86;2389200
EAu;20/01/23;124,43;126,20;123,77;125,99;2729825
EXCu;20/01/23;42,00;42,39;41,4601;42,34;5209749
FANGu;20/01/23;146,65;147,89;145,19;147,55;1534600
FASTu;20/01/23;47,06;49,14;46,59;49,00;6136300
FTNTu;20/01/23;48,55;49,36;48,50;49,27;5372600
GILDu;20/01/23;83,54;83,80;82,51;83,01;16677600
GOOGu;20/01/23;95,95;99,42;95,91;99,28;53704764
GOOGLu;20/01/23;95,10;98,30;95,02;98,02;63191080
HONu;20/01/23;199,57;202,66;198,81;202,03;3976500
IDXXu;20/01/23;475,48;491,07;472,26;488,88;562500
ILMNu;20/01/23;196,24;204,77;194,68;204,39;1118400
INTCu;20/01/23;28,42;29,23;28,25;29,22;35026300
INTUu;20/01/23;383,27;400,31;382,55;398,07;1702000
ISRGu;20/01/23;252,44;256,84;248,96;256,77;1968300
KHCu;20/01/23;39,935;39,99;39,305;39,88;8773800
KLACu;20/01/23;404,87;414,80;403,07;413,85;923202
LINu;20/01/23;324,52;328,83;322,81;328,62;1678692
LRCXu;20/01/23;45,909;47,266;45,682;47,25;12599720
LULUu;20/01/23;307,25;314,42;304,34;312,80;1537800
MARu;20/01/23;160,67;167,15;160,16;166,91;2330300
MCHPu;20/01/23;72,53;73,75;71,47;73,60;3925400
MDBu;20/01/23;191,00;199,4899;188,91;197,86;979244
MDLZu;20/01/23;63,76;64,04;63,26;64,04;7524300
MELIu;20/01/23;1076,65;1101,89;1072,55;1098,09;504400
METAu;20/01/23;135,89;139,94;134,64;139,37;28688630
MNSTu;20/01/23;99,34;100,10;98,62;100,00;2462114
MRNAu;20/01/23;190,60;194,585;188,52;193,98;4043700
MRVLu;20/01/23;38,95;39,56;38,06;39,48;15857500
MSFTu;20/01/23;234,86;240,74;234,51;240,22;35323400
MUu;20/01/23;57,47;58,57;56,76;58,46;13818000
NFLXu;20/01/23;336,79;344,00;332,63;342,50;28385600
NVDAu;20/01/23;17,011;17,85;16,825;17,839;564967120
NXPIu;20/01/23;166,55;168,68;164,26;168,50;2322300
ODFLu;20/01/23;312,30;317,17;309,23;317,02;645200
ONu;20/01/23;64,68;66,40;63,91;66,26;5132900
ORLYu;20/01/23;792,89;794,37;787,15;793,38;429600
PANWu;20/01/23;142,87;146,49;142,61;146,10;7020300
PAYXu;20/01/23;115,67;118,53;114,71;117,93;1987600
PCARu;20/01/23;97,86;99,46;97,34;99,19;2218350
PEPu;20/01/23;168,945;169,89;167,46;169,88;5779109
PYPLu;20/01/23;77,012;79,10;75,90;79,09;12187400
QCOMu;20/01/23;118,42;122,96;117,34;122,90;8880300
REGNu;20/01/23;723,16;725,87;713,47;722,00;939800
ROPu;20/01/23;432,30;442,80;427,73;441,59;462700
ROSTu;20/01/23;115,05;116,30;114,33;115,73;2240200
SBUXu;20/01/23;104,40;105,20;103,89;105,04;6542600
SIRIu;20/01/23;5,78;5,86;5,77;5,84;11807231
SNPSu;20/01/23;330,34;343,80;329,89;342,42;816600
TMUSu;20/01/23;142,41;145,50;142,39;145,12;5878406
TSLAu;20/01/23;128,68;133,51;127,3466;133,42;138858144
TTWOu;20/01/23;103,38;106,72;103,13;106,59;1458400
TXNu;20/01/23;172,44;173,59;169,7505;173,00;7569929
VRSKu;20/01/23;176,89;181,98;176,37;181,61;832700
VRTXu;20/01/23;306,31;310,46;305,49;309,84;1466200
WBAu;20/01/23;35,65;35,94;35,13;35,88;5596000
WDAYu;20/01/23;168,70;174,39;167,97;173,40;2980300
XELu;20/01/23;67,67;68,61;66,95;68,55;2784300
ZSu;20/01/23;111,25;117,26;110,40;117,12;2579374
CSGPu;20/01/23;76,41;78,63;76,03;78,52;1680900
AZNu;20/01/23;69,51;69,63;68,585;69,15;9748106
TEAMu;20/01/23;149,44;159,995;148,901;157,75;2793472
KDPu;20/01/23;34,28;34,77;34,195;34,71;7148836
PDDu;20/01/23;92,01;93,45;91,12;92,84;5358600
CRWDu;20/01/23;100,32;103,76;99,57;103,41;4131100
DDOGu;20/01/23;68,23;71,136;67,81;71,05;3417800
GFSu;20/01/23;55,55;56,88;53,95;56,45;1764000
CEGu;20/01/23;81,12;83,10;80,45;83,00;1795068
WBDu;20/01/23;12,54;13,04;12,36;13,02;18426400
GEHCu;20/01/23;63,96;67,82;63,54;66,77;4001300
DASHu;20/01/23;55,57;58,05;55,49;58,02;3023700
AAPLu;23/01/23;138,12;143,32;137,90;141,11;81698400
ABNBu;23/01/23;101,99;105,38;101,35;105,22;4437700
ADBEu;23/01/23;358,28;365,87;356,85;364,98;3187100
ADIu;23/01/23;166,54;170,25;165,62;169,66;3521900
ADPu;23/01/23;236,48;241,86;235,44;240,96;1654700
ADSKu;23/01/23;206,06;211,63;205,10;211,29;1079300
AEPu;23/01/23;91,93;93,50;91,57;92,66;2146100
AMATu;23/01/23;108,53;114,91;108,50;114,155;7669252
AMDu;23/01/23;72,225;76,59;71,54;76,53;83637944
AMGNu;23/01/23;264,00;264,73;259,81;260,97;2025000
AMZNu;23/01/23;97,56;97,78;95,86;97,52;76501104
ANSSu;23/01/23;256,44;262,46;255,18;260,79;378900
ASMLu;23/01/23;658,05;676,28;656,85;676,03;1774200
AVGOu;23/01/23;572,00;584,79;569,78;581,63;2342600
BIIBu;23/01/23;285,97;292,32;285,52;291,93;1553000
BKNGu;23/01/23;2340,00;2403,78;2329,80;2401,58;340900
BKRu;23/01/23;31,08;31,67;30,40;30,59;7175900
CDNSu;23/01/23;177,20;184,24;177,20;183,41;1813500
CDWu;23/01/23;198,94;201,78;198,09;199,97;678636
CHTRu;23/01/23;397,18;400,95;390,64;396,01;1551600
CMCSAu;23/01/23;39,25;40,42;39,25;40,26;30350300
COSTu;23/01/23;479,95;495,24;477,60;492,61;2708700
CPRTu;23/01/23;63,73;65,02;63,59;64,86;1799900
CSCOu;23/01/23;46,90;47,87;46,81;47,50;15179000
CSXu;23/01/23;32,10;32,49;31,77;32,05;9323200
CTASu;23/01/23;109,185;110,3675;108,595;109,4425;1242800
CTSHu;23/01/23;62,63;64,49;62,505;64,24;4119875
DLTRu;23/01/23;148,27;151,505;147,79;150,99;2924776
DXCMu;23/01/23;107,86;108,86;106,00;106,40;2818200
EAu;23/01/23;125,79;127,53;125,32;127,41;2105600
EXCu;23/01/23;42,09;42,39;41,74;41,82;4702700
FANGu;23/01/23;149,00;150,21;148,31;149,35;1467230
FASTu;23/01/23;49,10;49,44;48,71;48,99;3386600
FTNTu;23/01/23;49,27;50,55;48,89;50,51;5771000
GILDu;23/01/23;82,76;84,38;82,42;83,23;5673100
GOOGu;23/01/23;99,13;101,40;98,75;101,21;31791782
GOOGLu;23/01/23;97,95;100,04;97,50;99,79;40005056
HONu;23/01/23;202,55;205,85;201,38;204,46;2746500
IDXXu;23/01/23;486,77;497,48;485,74;496,14;543200
ILMNu;23/01/23;205,04;216,90;203,33;216,38;1111900
INTCu;23/01/23;29,33;30,49;29,18;30,27;38778500
INTUu;23/01/23;400,73;410,51;399,12;410,00;2211800
ISRGu;23/01/23;256,77;257,87;254,01;255,98;2008200
KHCu;23/01/23;40,03;40,46;39,855;40,26;6536700
KLACu;23/01/23;407,60;428,56;407,60;425,58;1459100
LINu;23/01/23;325,85;328,57;324,27;326,49;1851800
LRCXu;23/01/23;47,48;49,884;47,239;49,078;16538000
LULUu;23/01/23;312,50;319,13;310,00;316,08;1642200
MARu;23/01/23;166,00;169,80;165,07;169,02;2585400
MCHPu;23/01/23;73,85;76,66;73,85;76,31;4607200
MDBu;23/01/23;199,00;207,68;196,00;207,05;1178617
MDLZu;23/01/23;64,13;64,78;63,92;64,36;6108900
MELIu;23/01/23;1097,67;1121,62;1090,54;1095,00;572200
METAu;23/01/23;139,29;143,73;138,67;143,27;26457344
MNSTu;23/01/23;100,20;101,06;99,57;100,11;2048000
MRNAu;23/01/23;192,61;198,86;192,21;196,94;2901200
MRVLu;23/01/23;40,20;42,85;40,10;42,75;13617300
MSFTu;23/01/23;241,10;245,17;239,65;242,58;31882800
MUu;23/01/23;58,92;61,91;58,86;61,82;20167500
NFLXu;23/01/23;341,72;362,25;340,63;357,42;15632900
NVDAu;23/01/23;18,064;19,245;17,818;19,193;654366000
NXPIu;23/01/23;169,23;175,75;168,51;173,03;3386200
ODFLu;23/01/23;318,12;327,52;316,44;322,86;731300
ONu;23/01/23;67,67;71,27;67,39;70,80;7580300
ORLYu;23/01/23;792,58;796,74;784,03;794,40;486200
PANWu;23/01/23;146,33;150,20;146,22;149,34;4499364
PAYXu;23/01/23;117,78;120,96;117,07;119,99;1599300
PCARu;23/01/23;99,81;103,06;99,06;102,25;3976000
PEPu;23/01/23;170,01;170,755;168,715;169,12;5440358
PYPLu;23/01/23;77,83;79,72;76,68;79,50;17407322
QCOMu;23/01/23;126,54;132,06;125,82;131,03;13415400
REGNu;23/01/23;721,53;732,89;718,34;729,91;569900
ROPu;23/01/23;442,01;444,57;439,80;443,03;497000
ROSTu;23/01/23;116,10;116,28;115,00;115,78;2132700
SBUXu;23/01/23;105,04;106,89;104,40;106,21;6319900
SIRIu;23/01/23;5,84;5,91;5,83;5,88;11811267
SNPSu;23/01/23;342,54;352,09;341,69;350,33;661800
TMUSu;23/01/23;145,65;145,83;143,85;144,37;5293500
TSLAu;23/01/23;135,87;145,3793;134,27;143,75;203119216
TTWOu;23/01/23;107,13;110,94;106,77;110,67;1939600
TXNu;23/01/23;173,65;179,02;172,56;178,17;7846200
VRSKu;23/01/23;182,35;187,42;181,64;185,36;825400
VRTXu;23/01/23;309,59;312,43;308,53;311,81;1810700
WBAu;23/01/23;35,95;36,73;35,82;36,67;6286900
WDAYu;23/01/23;171,26;176,54;171,08;176,43;2013300
XELu;23/01/23;68,10;68,70;67,70;68,01;2526700
ZSu;23/01/23;117,71;124,44;117,40;123,76;2922889
CSGPu;23/01/23;78,52;79,99;78,29;78,75;1573900
AZNu;23/01/23;68,71;69,10;67,555;67,61;7858120
TEAMu;23/01/23;155,86;156,00;150,06;154,58;4615771
KDPu;23/01/23;34,70;34,95;34,535;34,69;4860779
PDDu;23/01/23;93,50;96,91;93,50;95,30;4881900
CRWDu;23/01/23;102,07;106,35;102,00;106,30;3653800
DDOGu;23/01/23;71,38;75,51;70,265;75,29;4425800
GFSu;23/01/23;56,78;59,75;56,21;58,66;2277600
CEGu;23/01/23;82,93;84,29;82,558;84,14;1596236
WBDu;23/01/23;13,02;13,53;12,95;13,51;21618200
GEHCu;23/01/23;67,35;69,91;66,778;69,52;3724100
DASHu;23/01/23;58,47;60,90;57,95;60,59;4495500
AAPLu;24/01/23;140,305;143,15;140,30;142,53;66435144
ABNBu;24/01/23;104,70;106,3546;103,82;104,13;3514662
ADBEu;24/01/23;364,10;364,34;358,01;361,32;2466393
ADIu;24/01/23;167,91;169,99;167,36;168,86;2398864
ADPu;24/01/23;241,02;241,02;238,14;239,15;1423783
ADSKu;24/01/23;209,31;210,61;204,84;206,43;908375
AEPu;24/01/23;92,35;92,93;91,30;92,70;2223068
AMATu;24/01/23;113,47;114,07;112,47;112,99;3504703
AMDu;24/01/23;73,75;75,6412;73,42;74,70;60087184
AMGNu;24/01/23;261,85;262,00;257,54;259,70;1547491
AMZNu;24/01/23;96,93;98,09;96,00;96,32;66929452
ANSSu;24/01/23;260,50;261,99;256,54;257,60;223488
ASMLu;24/01/23;666,72;673,035;659,92;670,01;1066929
AVGOu;24/01/23;578,44;586,305;575,63;585,03;1382466
BIIBu;24/01/23;291,93;293,32;289,33;291,88;879433
BKNGu;24/01/23;2402,62;2430,62;2393,87;2402,34;236557
BKRu;24/01/23;30,42;30,46;29,11;30,15;8023700
CDNSu;24/01/23;183,35;183,59;181,41;182,38;1152668
CDWu;24/01/23;199,62;199,62;196,58;197,14;715498
CHTRu;24/01/23;395,00;398,22;390,88;392,03;1206629
CMCSAu;24/01/23;40,19;40,44;39,6516;39,75;24189338
COSTu;24/01/23;492,05;493,60;487,01;492,11;1437768
CPRTu;24/01/23;64,80;65,22;64,08;65,10;1576603
CSCOu;24/01/23;47,49;48,02;47,06;47,81;14826000
CSXu;24/01/23;31,73;31,915;31,06;31,86;12881583
CTASu;24/01/23;109,605;110,1575;107,9175;110,06;1052628
CTSHu;24/01/23;63,97;64,52;63,66;63,92;3226766
DLTRu;24/01/23;153,80;154,01;144,61;146,52;3941711
DXCMu;24/01/23;105,24;106,50;103,72;106,03;1685609
EAu;24/01/23;127,71;128,07;126,37;127,49;1300800
EXCu;24/01/23;41,86;41,96;41,24;41,51;3871448
FANGu;24/01/23;149,95;150,50;146,525;147,24;1213302
FASTu;24/01/23;48,98;49,655;48,37;49,58;4438417
FTNTu;24/01/23;50,47;51,45;50,11;51,09;4698034
GILDu;24/01/23;83,43;84,08;82,11;84,02;4776447
GOOGu;24/01/23;99,55;101,09;98,70;99,21;27368228
GOOGLu;24/01/23;98,10;99,61;97,20;97,70;33078512
HONu;24/01/23;203,96;207,67;202,225;206,93;3217250
IDXXu;24/01/23;492,37;493,885;484,42;486,70;420706
ILMNu;24/01/23;215,67;217,98;212,86;215,15;1004930
INTCu;24/01/23;29,94;30,19;29,73;29,92;24728958
INTUu;24/01/23;410,00;410,00;398,74;401,55;1186900
ISRGu;24/01/23;254,60;259,405;254,23;257,98;2645997
KHCu;24/01/23;40,20;40,40;39,57;39,82;5831000
KLACu;24/01/23;418,84;426,28;417,45;423,14;850541
LINu;24/01/23;325,56;328,85;323,74;328,63;1400548
LRCXu;24/01/23;48,521;49,172;48,387;48,75;9685540
LULUu;24/01/23;304,45;311,41;302,11;311,21;2693691
MARu;24/01/23;168,57;169,70;167,59;169,63;1645133
MCHPu;24/01/23;75,43;76,63;75,26;75,72;3233464
MDBu;24/01/23;203,82;211,00;199,41;199,88;1378825
MDLZu;24/01/23;64,40;65,005;63,76;64,84;5021854
MELIu;24/01/23;1079,23;1113,94;1074,06;1109,91;440100
METAu;24/01/23;141,69;145,00;141,36;143,14;21764612
MNSTu;24/01/23;100,20;103,095;100,00;103,02;2012415
MRNAu;24/01/23;195,83;197,06;193,215;196,76;1847900
MRVLu;24/01/23;42,11;43,28;41,96;42,51;8960267
MSFTu;24/01/23;241,10;243,93;240,45;242,04;40234444
MUu;24/01/23;61,20;61,72;60,87;61,26;10183213
NFLXu;24/01/23;357,53;365,64;355,2791;363,83;11722719
NVDAu;24/01/23;18,827;19,495;18,82;19,265;496204080
NXPIu;24/01/23;170,95;174,2563;169,49;173,17;1627040
ODFLu;24/01/23;322,03;323,53;318,50;320,90;464477
ONu;24/01/23;70,00;71,20;69,25;70,08;4543380
ORLYu;24/01/23;794,84;806,79;791,42;799,09;404308
PANWu;24/01/23;150,81;152,16;149,45;151,14;5180521
PAYXu;24/01/23;119,90;120,14;117,93;118,62;1332524
PCARu;24/01/23;105,00;111,43;103,50;111,08;7654561
PEPu;24/01/23;169,61;170,87;168,45;170,69;4125613
PYPLu;24/01/23;79,38;80,39;78,11;79,58;9402667
QCOMu;24/01/23;130,55;132,96;130,15;130,70;7952417
REGNu;24/01/23;731,01;732,31;722,47;727,47;326467
ROPu;24/01/23;444,09;446,90;440,97;446,18;319542
ROSTu;24/01/23;116,225;117,895;115,45;117,72;1881685
SBUXu;24/01/23;106,40;106,86;105,41;106,64;5497323
SIRIu;24/01/23;5,88;5,88;5,76;5,79;12954947
SNPSu;24/01/23;349,59;351,00;346,00;349,28;395504
TMUSu;24/01/23;143,83;146,54;143,01;145,81;3851654
TSLAu;24/01/23;143,00;146,50;141,10;143,89;158699056
TTWOu;24/01/23;110,47;111,66;109,05;111,27;1245300
TXNu;24/01/23;176,75;178,52;175,34;177,04;5351620
VRSKu;24/01/23;185,17;185,51;182,605;183,35;784058
VRTXu;24/01/23;311,80;313,89;309,53;313,57;932319
WBAu;24/01/23;36,06;36,16;35,63;35,90;6011300
WDAYu;24/01/23;175,70;176,86;172,28;172,53;1457400
XELu;24/01/23;68,01;68,645;67,28;68,34;2026839
ZSu;24/01/23;122,02;126,425;121,80;122,65;1373236
CSGPu;24/01/23;78,70;78,93;78,09;78,63;1545600
AZNu;24/01/23;66,15;66,37;65,52;66,28;10867390
TEAMu;24/01/23;152,665;153,04;147,04;151,70;2212070
KDPu;24/01/23;34,69;35,02;34,305;34,98;7954683
PDDu;24/01/23;93,92;96,44;93,87;96,31;3317500
CRWDu;24/01/23;107,155;109,01;104,135;104,60;5082200
DDOGu;24/01/23;74,45;76,43;73,29;73,69;4761400
GFSu;24/01/23;58,02;59,05;57,58;59,01;1360200
CEGu;24/01/23;84,00;84,23;82,98;83,91;1175996
WBDu;24/01/23;13,37;13,60;13,24;13,38;11424200
GEHCu;24/01/23;69,03;70,63;68,71;69,60;2591000
DASHu;24/01/23;60,00;61,18;59,23;59,53;2354400
AAPLu;25/01/23;140,89;142,43;138,81;141,86;65799348
ABNBu;25/01/23;100,36;104,675;99,841;104,44;5169257
ADBEu;25/01/23;355,67;359,73;350,57;358,17;2238700
ADIu;25/01/23;166,62;168,73;164,21;168,45;2669763
ADPu;25/01/23;234,25;234,25;223,66;228,01;3694725
ADSKu;25/01/23;202,00;203,81;198,01;202,50;1273200
AEPu;25/01/23;92,44;92,54;91,60;92,35;2302700
AMATu;25/01/23;110,99;114,44;109,41;113,95;5957609
AMDu;25/01/23;72,90;75,12;72,09;74,91;49932596
AMGNu;25/01/23;260,09;261,55;256,02;256,54;1867110
AMZNu;25/01/23;92,56;97,24;91,52;97,18;94261568
ANSSu;25/01/23;252,87;260,38;249,79;260,03;317117
ASMLu;25/01/23;656,96;683,02;655,02;681,53;1568100
AVGOu;25/01/23;577,67;586,97;576,04;585,68;1376594
BIIBu;25/01/23;291,44;292,79;288,37;292,34;707400
BKNGu;25/01/23;2298,25;2392,99;2292,91;2390,75;299153
BKRu;25/01/23;29,82;31,03;29,48;31,00;5927600
CDNSu;25/01/23;179,31;182,71;176,54;182,48;1103287
CDWu;25/01/23;194,66;194,98;189,38;192,12;860881
CHTRu;25/01/23;390,70;406,10;387,03;403,76;1190446
CMCSAu;25/01/23;40,31;40,31;39,555;40,10;24544368
COSTu;25/01/23;489,36;491,94;484,56;490,88;1329768
CPRTu;25/01/23;64,32;66,00;63,96;65,93;1737038
CSCOu;25/01/23;47,98;48,08;47,23;47,98;14637800
CSXu;25/01/23;31,47;31,52;30,265;31,05;21996452
CTASu;25/01/23;108,7375;109,2775;107,7925;109,2175;935400
CTSHu;25/01/23;63,1701;64,235;62,86;64,14;3932752
DLTRu;25/01/23;145,48;149,65;143,12;149,56;2508000
DXCMu;25/01/23;103,75;105,05;102,50;104,00;3803500
EAu;25/01/23;126,59;127,65;126,27;127,56;1099800
EXCu;25/01/23;41,22;41,56;40,95;41,42;5448600
FANGu;25/01/23;147,45;147,45;143,30;147,08;1646159
FASTu;25/01/23;49,45;49,51;48,54;49,47;2474371
FTNTu;25/01/23;50,21;51,91;49,43;51,76;5871244
GILDu;25/01/23;84,15;84,54;83,56;84,07;3892838
GOOGu;25/01/23;97,20;97,72;95,262;96,73;31000850
GOOGLu;25/01/23;95,57;96,162;93,76;95,22;42329952
HONu;25/01/23;204,54;207,15;203,76;206,67;2154700
IDXXu;25/01/23;481,09;485,84;473,58;485,18;531800
ILMNu;25/01/23;210,14;212,10;205,40;211,04;624500
INTCu;25/01/23;29,52;29,885;29,1703;29,70;28268024
INTUu;25/01/23;394,30;403,95;385,49;401,90;1131900
ISRGu;25/01/23;241,09;247,00;238,84;243,80;5861068
KHCu;25/01/23;39,65;40,04;39,29;39,95;4438488
KLACu;25/01/23;412,75;423,00;408,42;422,62;1274629
LINu;25/01/23;324,73;327,26;323,99;326,36;1887200
LRCXu;25/01/23;47,219;49,139;46,70;48,84;17207460
LULUu;25/01/23;305,41;310,85;304,22;309,52;1425100
MARu;25/01/23;167,62;172,935;167,62;172,33;1823334
MCHPu;25/01/23;74,57;76,22;73,80;76,13;3695800
MDBu;25/01/23;190,61;198,565;179,56;195,14;2659254
MDLZu;25/01/23;64,94;65,02;64,08;65,00;4504600
MELIu;25/01/23;1080,00;1133,68;1073,16;1130,64;475000
METAu;25/01/23;141,22;143,16;140,31;141,50;26507896
MNSTu;25/01/23;102,00;103,64;101,62;103,52;1777280
MRNAu;25/01/23;194,33;194,96;189,75;193,07;2286600
MRVLu;25/01/23;41,72;42,80;40,77;42,74;9597900
MSFTu;25/01/23;234,48;243,30;230,90;240,61;66459300
MUu;25/01/23;60,672;61,67;60,42;61,54;10787198
NFLXu;25/01/23;360,57;368,87;358,52;367,96;7766907
NVDAu;25/01/23;18,913;19,37;18,58;19,323;448309000
NXPIu;25/01/23;170,84;174,38;168,98;174,10;1328200
ODFLu;25/01/23;315,74;322,66;314,06;320,56;552900
ONu;25/01/23;68,96;71,86;68,76;71,81;5092200
ORLYu;25/01/23;797,96;804,95;792,01;800,47;359101
PANWu;25/01/23;148,00;152,19;146,95;151,78;6486200
PAYXu;25/01/23;116,44;116,47;112,38;115,62;2321495
PCARu;25/01/23;110,80;111,315;109,31;110,81;2681507
PEPu;25/01/23;170,34;171,98;169,34;171,93;3852831
PYPLu;25/01/23;78,56;79,55;77,30;79,10;9451300
QCOMu;25/01/23;128,45;131,535;127,70;131,17;6867735
REGNu;25/01/23;729,49;743,93;726,21;741,18;584300
ROPu;25/01/23;439,26;444,88;436,41;444,23;382000
ROSTu;25/01/23;116,91;120,22;116,19;120,20;1674000
SBUXu;25/01/23;106,06;107,14;105,90;106,98;5413800
SIRIu;25/01/23;5,79;5,93;5,75;5,91;16116906
SNPSu;25/01/23;344,38;351,25;339,60;349,27;429300
TMUSu;25/01/23;145,73;148,54;145,20;148,07;4351700
TSLAu;25/01/23;141,905;146,41;138,07;144,43;192734352
TTWOu;25/01/23;109,59;111,39;109,27;110,70;1821200
TXNu;25/01/23;176,63;178,21;171,50;175,04;6720300
VRSKu;25/01/23;180,75;180,96;176,78;180,11;941100
VRTXu;25/01/23;314,36;315,33;312,00;315,28;1315134
WBAu;25/01/23;35,97;36,44;35,81;36,28;5347100
WDAYu;25/01/23;168,53;174,85;167,50;174,44;1198000
XELu;25/01/23;68,36;68,56;67,46;68,56;2527741
ZSu;25/01/23;119,66;120,11;114,37;119,91;2527471
CSGPu;25/01/23;77,47;78,38;76,36;77,37;3347200
AZNu;25/01/23;65,84;66,905;65,84;66,63;5314304
TEAMu;25/01/23;147,24;153,76;140,92;151,93;2691091
KDPu;25/01/23;34,91;34,99;34,595;34,96;4943574
PDDu;25/01/23;95,55;97,29;94,25;96,49;3405600
CRWDu;25/01/23;101,72;101,94;97,26;100,82;7646200
DDOGu;25/01/23;69,36;71,72;65,605;70,75;10284600
GFSu;25/01/23;57,84;59,19;56,84;58,70;1188000
CEGu;25/01/23;83,42;83,56;82,49;83,40;1535226
WBDu;25/01/23;13,26;14,73;13,18;14,53;44313500
GEHCu;25/01/23;68,46;69,70;66,95;68,71;2802100
DASHu;25/01/23;57,43;59,73;56,47;59,53;2524600
AAPLu;26/01/23;143,17;144,25;141,90;143,96;54003800
ABNBu;26/01/23;106,30;109,47;105,675;109,42;5196610
ADBEu;26/01/23;362,76;367,43;360,72;365,82;2349200
ADIu;26/01/23;169,94;170,95;166,86;170,74;3537042
ADPu;26/01/23;226,81;228,85;225,13;225,43;2949911
ADSKu;26/01/23;206,27;209,24;205,77;208,46;876600
AEPu;26/01/23;92,11;93,37;91,96;92,99;2262900
AMATu;26/01/23;114,40;115,76;112,265;115,58;5813038
AMDu;26/01/23;76,50;77,0798;74,28;75,16;49583948
AMGNu;26/01/23;256,54;256,69;253,01;254,88;2521637
AMZNu;26/01/23;98,235;99,49;96,92;99,22;68523560
ANSSu;26/01/23;263,38;267,685;261,80;266,58;556404
ASMLu;26/01/23;681,90;684,94;667,82;683,90;1591300
AVGOu;26/01/23;590,41;600,56;586,26;598,58;2452000
BIIBu;26/01/23;292,34;293,01;289,67;291,92;557300
BKNGu;26/01/23;2400,00;2433,86;2397,51;2431,15;237975
BKRu;26/01/23;31,30;31,83;30,62;31,80;4926900
CDNSu;26/01/23;184,90;185,86;182,59;185,63;857100
CDWu;26/01/23;193,61;195,065;191,89;194,30;753820
CHTRu;26/01/23;401,43;412,65;401,42;410,39;1841600
CMCSAu;26/01/23;39,05;40,74;39,01;40,41;22310200
COSTu;26/01/23;493,20;498,67;491,77;498,30;1575900
CPRTu;26/01/23;66,67;66,89;66,09;66,75;1611800
CSCOu;26/01/23;48,15;48,47;47,83;48,34;12952000
CSXu;26/01/23;30,59;30,655;29,39;30,15;25559200
CTASu;26/01/23;109,57;110,29;108,9325;110,2725;1026800
CTSHu;26/01/23;64,66;64,72;63,69;64,66;3229625
DLTRu;26/01/23;150,61;151,85;149,65;150,45;1608800
DXCMu;26/01/23;105,44;107,03;104,13;106,65;2266000
EAu;26/01/23;128,31;129,45;128,19;129,14;1196100
EXCu;26/01/23;41,36;41,69;41,19;41,60;3703700
FANGu;26/01/23;149,30;149,99;146,555;149,89;2409381
FASTu;26/01/23;49,81;50,06;49,16;49,61;2757400
FTNTu;26/01/23;53,33;54,57;51,94;53,21;6409700
GILDu;26/01/23;83,76;83,81;82,61;83,62;3670867
GOOGu;26/01/23;98,28;99,21;96,82;99,16;24542060
GOOGLu;26/01/23;96,50;97,57;95,38;97,52;30113974
HONu;26/01/23;207,80;209,42;205,89;209,35;1927300
IDXXu;26/01/23;490,44;492,97;480,27;487,00;714900
ILMNu;26/01/23;214,28;215,19;210,21;212,78;671900
INTCu;26/01/23;30,06;30,11;29,33;30,09;54865000
INTUu;26/01/23;409,95;413,22;402,08;412,55;1282300
ISRGu;26/01/23;246,48;250,82;243,50;250,55;1788300
KHCu;26/01/23;39,86;39,86;39,16;39,66;5156097
KLACu;26/01/23;424,01;429,46;415,00;428,76;1632100
LINu;26/01/23;326,40;329,53;324,72;329,51;1587100
LRCXu;26/01/23;48,475;49,858;47,4001;49,775;24622180
LULUu;26/01/23;313,27;313,50;305,77;309,59;1708000
MARu;26/01/23;173,47;174,67;172,59;174,58;1619800
MCHPu;26/01/23;77,31;78,36;76,24;78,26;4796900
MDBu;26/01/23;199,32;208,755;197,29;208,23;1851484
MDLZu;26/01/23;64,85;64,85;64,28;64,52;5051500
MELIu;26/01/23;1151,31;1190,93;1151,31;1188,58;825900
METAu;26/01/23;144,40;147,51;143,30;147,30;25430744
MNSTu;26/01/23;103,54;104,24;102,98;103,91;1812032
MRNAu;26/01/23;194,43;195,00;187,55;193,24;2389600
MRVLu;26/01/23;43,60;44,48;42,80;44,39;10493200
MSFTu;26/01/23;243,65;248,31;242,00;248,00;33409400
MUu;26/01/23;62,58;63,05;61,29;62,80;12207700
NFLXu;26/01/23;368,77;369,02;361,70;364,87;8251100
NVDAu;26/01/23;19,701;20,166;19,278;19,802;488611000
NXPIu;26/01/23;176,62;180,20;174,73;180,02;2995300
ODFLu;26/01/23;324,18;325,65;314,50;319,25;728000
ONu;26/01/23;72,89;73,90;71,16;73,68;5874400
ORLYu;26/01/23;804,60;811,19;799,89;800,63;354300
PANWu;26/01/23;154,78;159,98;153,68;159,11;6780500
PAYXu;26/01/23;116,19;116,50;114,74;115,10;1679100
PCARu;26/01/23;111,90;112,89;110,58;112,23;2672299
PEPu;26/01/23;171,635;171,67;170,04;170,22;4558393
PYPLu;26/01/23;80,08;80,90;78,556;80,81;10555800
QCOMu;26/01/23;134,41;134,85;131,16;133,96;7408200
REGNu;26/01/23;741,18;745,60;735,00;742,30;346400
ROPu;26/01/23;446,51;448,94;440,56;444,45;697700
ROSTu;26/01/23;120,29;121,16;119,40;120,71;1847300
SBUXu;26/01/23;107,30;108,80;107,06;108,76;6320900
SIRIu;26/01/23;5,92;5,94;5,875;5,90;16072000
SNPSu;26/01/23;354,12;357,35;350,54;356,67;544800
TMUSu;26/01/23;147,89;149,19;147,49;148,69;3807900
TSLAu;26/01/23;159,965;161,42;154,76;160,27;234815088
TTWOu;26/01/23;111,85;112,25;110,56;111,89;1252900
TXNu;26/01/23;175,27;175,27;171,79;174,10;6286400
VRSKu;26/01/23;181,06;181,66;178,98;180,99;809600
VRTXu;26/01/23;315,75;321,11;314,60;321,02;1302000
WBAu;26/01/23;36,48;36,56;35,99;36,50;4266700
WDAYu;26/01/23;177,27;179,65;175,97;178,88;1693300
XELu;26/01/23;67,68;69,48;67,68;68,80;3699800
ZSu;26/01/23;122,91;125,28;120,67;125,19;2267919
CSGPu;26/01/23;78,04;78,89;77,31;78,71;1870400
AZNu;26/01/23;66,85;66,85;65,64;65,99;5458362
TEAMu;26/01/23;154,59;158,82;152,40;158,38;1934634
KDPu;26/01/23;34,91;35,04;34,655;34,93;5555010
PDDu;26/01/23;98,86;104,92;98,37;104,66;11624200
CRWDu;26/01/23;102,63;104,55;100,88;104,47;6069500
DDOGu;26/01/23;73,17;76,04;71,77;76,00;6877500
GFSu;26/01/23;59,33;60,48;58,56;60,14;1089500
CEGu;26/01/23;83,63;86,07;83,28;85,88;2161319
WBDu;26/01/23;14,72;15,19;14,42;15,00;30614200
GEHCu;26/01/23;68,51;69,45;67,80;69,22;2075900
DASHu;26/01/23;61,49;62,05;56,83;56,95;4694300
AAPLu;27/01/23;143,155;147,23;143,10;145,93;70555840
ABNBu;27/01/23;108,86;117,12;108,7345;115,94;9548495
ADBEu;27/01/23;363,49;373,42;362,85;370,71;2615100
ADIu;27/01/23;169,07;172,03;168,40;170,83;2452993
ADPu;27/01/23;224,50;225,88;220,21;220,80;4942416
ADSKu;27/01/23;206,33;212,50;206,00;210,88;1284600
AEPu;27/01/23;92,69;93,48;92,25;93,07;1647000
AMATu;27/01/23;112,62;113,89;110,70;112,50;8705733
AMDu;27/01/23;73,70;76,74;73,49;75,40;57917892
AMGNu;27/01/23;254,87;255,50;252,54;253,65;2109476
AMZNu;27/01/23;99,53;103,485;99,53;102,24;87775616
ANSSu;27/01/23;263,87;268,21;262,07;266,67;393901
ASMLu;27/01/23;667,20;678,12;666,68;667,39;1249300
AVGOu;27/01/23;593,32;599,25;590,19;590,99;1934464
BIIBu;27/01/23;292,36;295,90;289,94;290,08;894200
BKNGu;27/01/23;2421,78;2474,595;2421,78;2464,51;298988
BKRu;27/01/23;31,70;31,77;31,135;31,30;5435252
CDNSu;27/01/23;183,93;186,24;183,11;185,03;1137503
CDWu;27/01/23;193,11;194,41;192,83;193,29;742780
CHTRu;27/01/23;405,00;410,94;393,93;394,41;2662168
CMCSAu;27/01/23;40,18;40,39;39,53;39,60;20776744
COSTu;27/01/23;499,76;509,10;497,86;503,29;2032846
CPRTu;27/01/23;66,48;67,60;65,92;67,08;1277866
CSCOu;27/01/23;48,10;48,73;47,97;48,51;13414200
CSXu;27/01/23;30,14;30,725;29,89;30,08;19432474
CTASu;27/01/23;109,695;110,225;108,975;109,3175;847732
CTSHu;27/01/23;64,66;65,84;64,27;65,71;3849081
DLTRu;27/01/23;150,48;150,78;149,56;150,37;1404000
DXCMu;27/01/23;106,36;107,735;105,04;106,72;1428171
EAu;27/01/23;129,14;130,57;128,79;128,87;1786200
EXCu;27/01/23;41,51;41,806;41,29;41,69;4773089
FANGu;27/01/23;150,00;152,785;149,56;150,96;1632655
FASTu;27/01/23;49,53;50,535;49,46;50,25;2519726
FTNTu;27/01/23;51,90;53,13;51,71;52,70;5257089
GILDu;27/01/23;83,33;83,97;83,11;83,73;4108412
GOOGu;27/01/23;99,05;101,58;98,97;100,71;29017968
GOOGLu;27/01/23;97,31;100,32;97,31;99,37;33879752
HONu;27/01/23;207,89;209,83;207,635;208,13;2122529
IDXXu;27/01/23;483,45;488,28;479,75;487,00;435700
ILMNu;27/01/23;210,23;215,09;207,83;214,03;1137200
INTCu;27/01/23;27,07;28,24;26,785;28,16;148548192
INTUu;27/01/23;408,32;428,70;407,27;422,62;1724997
ISRGu;27/01/23;248,58;250,21;246,90;247,26;1568239
KHCu;27/01/23;39,63;39,765;39,08;39,69;5215200
KLACu;27/01/23;405,00;410,415;395,29;399,37;2383406
LINu;27/01/23;324,26;327,60;324,09;324,70;1819324
LRCXu;27/01/23;48,799;49,793;48,257;48,288;16481950
LULUu;27/01/23;307,81;311,69;305,18;310,85;2077487
MARu;27/01/23;174,50;176,572;174,02;174,33;1637044
MCHPu;27/01/23;77,31;78,60;77,10;77,68;4450200
MDBu;27/01/23;205,52;224,895;203,77;224,01;2899486
MDLZu;27/01/23;64,45;64,95;64,06;64,72;7141800
MELIu;27/01/23;1187,35;1233,28;1183,00;1221,27;702500
METAu;27/01/23;148,237;153,19;147,39;151,74;35159080
MNSTu;27/01/23;103,33;103,98;102,58;102,79;1484279
MRNAu;27/01/23;191,91;193,52;188,28;189,35;3344900
MRVLu;27/01/23;43,48;44,80;43,48;44,25;7952600
MSFTu;27/01/23;248,99;249,83;246,83;248,16;26480800
MUu;27/01/23;62,14;64,34;61,96;63,87;15895821
NFLXu;27/01/23;363,20;365,92;360,59;360,77;6703548
NVDAu;27/01/23;19,462;20,628;19,405;20,365;534356600
NXPIu;27/01/23;177,49;182,94;177,09;181,54;2077000
ODFLu;27/01/23;317,29;337,97;317,29;333,79;1119500
ONu;27/01/23;73,53;74,82;73,22;73,67;4375500
ORLYu;27/01/23;797,26;800,00;767,27;771,17;905476
PANWu;27/01/23;158,00;161,23;157,60;159,78;4171300
PAYXu;27/01/23;114,18;114,6969;112,65;113,03;2145027
PCARu;27/01/23;112,00;112,23;108,95;110,63;2667877
PEPu;27/01/23;169,77;170,23;168,58;169,62;5451376
PYPLu;27/01/23;80,56;82,535;80,32;81,83;10886500
QCOMu;27/01/23;131,49;134,87;131,44;133,40;6581941
REGNu;27/01/23;745,61;748,28;740,27;742,83;417600
ROPu;27/01/23;438,33;442,44;432,78;434,11;638613
ROSTu;27/01/23;120,77;121,86;119,38;119,48;1887200
SBUXu;27/01/23;108,74;109,76;108,34;109,02;6848300
SIRIu;27/01/23;5,88;5,95;5,835;5,92;10856762
SNPSu;27/01/23;353,92;359,87;353,91;357,27;489782
TMUSu;27/01/23;148,06;148,20;146,17;146,73;4061100
TSLAu;27/01/23;162,43;180,68;161,17;177,90;306590624
TTWOu;27/01/23;114,10;115,34;113,36;114,28;1864900
TXNu;27/01/23;172,53;177,31;171,87;175,24;6074500
VRSKu;27/01/23;180,19;181,33;178,90;180,15;971814
VRTXu;27/01/23;321,00;323,53;319,58;321,45;1288678
WBAu;27/01/23;36,68;37,53;36,64;37,17;5950100
WDAYu;27/01/23;177,09;179,74;176,53;177,66;1189800
XELu;27/01/23;68,48;68,81;67,81;68,43;3417152
ZSu;27/01/23;123,87;128,925;123,07;127,52;2928081
CSGPu;27/01/23;78,59;78,59;77,72;77,78;2292200
AZNu;27/01/23;65,40;65,78;65,19;65,53;3176369
TEAMu;27/01/23;157,40;165,06;155,50;164,25;2758126
KDPu;27/01/23;34,85;34,89;34,5307;34,70;6367169
PDDu;27/01/23;104,70;106,38;102,90;104,68;5898400
CRWDu;27/01/23;103,61;105,841;102,52;104,35;6091100
DDOGu;27/01/23;73,58;78,63;73,56;77,23;7438900
GFSu;27/01/23;59,23;59,95;59,08;59,24;1336300
CEGu;27/01/23;85,88;86,66;84,84;86,58;1455323
WBDu;27/01/23;14,90;15,10;14,65;14,91;21008100
GEHCu;27/01/23;68,86;70,51;68,36;70,08;2810200
DASHu;27/01/23;56,64;59,53;55,95;58,63;5283000
